WO;OP;PO;SUPPLIER
P701967865;90;;5525157. CHROMATLANTIQUE INDUSTRIEL
P701967866;90;;5525157. CHROMATLANTIQUE INDUSTRIEL
P705327134;10;;5525838. TECHMA
P705327135;10;;5525838. TECHMA
P705327136;10;;5525838. TECHMA
P705327137;10;;5525838. TECHMA
P705804748;40;;5516063. HEUTE + COMP
P705804749;40;;5516063. HEUTE + COMP
P705804750;40;;5516063. HEUTE + COMP
P705804751;40;;5516063. HEUTE + COMP
P705804752;40;;5516063. HEUTE + COMP
P707635136;30;;5525556. METAFORM SARL
P707635137;30;;5525556. METAFORM SARL
P707635138;30;;5525556. METAFORM SARL
P707636462;50;;5525545. M.G.A.
P707636512;80;;5525157. CHROMATLANTIQUE INDUSTRIEL
P707636513;80;;5525157. CHROMATLANTIQUE INDUSTRIEL
P707637400;50;;5525545. M.G.A.
P707637401;90;;5525157. CHROMATLANTIQUE INDUSTRIEL
P707637402;90;;5525157. CHROMATLANTIQUE INDUSTRIEL
P707638367;40;;5525545. M.G.A.
P707638440;60;;5525628. OTECMI
P707638441;60;;5525628. OTECMI
P707640912;40;;5529906. MOUROT
P707640913;40;;5529906. MOUROT
P707640914;40;;5529906. MOUROT
P707640915;40;;5529906. MOUROT
P707640916;40;;5529906. MOUROT
P707640917;40;;5529906. MOUROT
P707640918;40;;5529906. MOUROT
P707640919;40;;5529906. MOUROT
P707640920;40;;5529906. MOUROT
P707640921;40;;5529906. MOUROT
P707640922;40;;5529906. MOUROT
P707641611;50;;5525545. M.G.A.
P707642308;50;;5525545. M.G.A.
P707642309;50;;5525545. M.G.A.
P707642366;120;;5525628. OTECMI
P707642368;120;;5525628. OTECMI
P707642369;120;;5525628. OTECMI
P707642370;120;;5525628. OTECMI
P707642371;120;;5525628. OTECMI
P707642372;100;;5525628. OTECMI
P707642373;100;;5525628. OTECMI
P707645837;80;;5525157. CHROMATLANTIQUE INDUSTRIEL
P707645838;80;;5525157. CHROMATLANTIQUE INDUSTRIEL
P707645839;80;;5525157. CHROMATLANTIQUE INDUSTRIEL
P707645840;80;;5525157. CHROMATLANTIQUE INDUSTRIEL
P707645841;80;;5525157. CHROMATLANTIQUE INDUSTRIEL
P707645842;80;;5525157. CHROMATLANTIQUE INDUSTRIEL
P707645843;80;;5525157. CHROMATLANTIQUE INDUSTRIEL
P707646775;80;;5525628. OTECMI
P707646776;80;;5525628. OTECMI
P707646777;80;;5525628. OTECMI
P707647125;45;;5525545. M.G.A.
P707647159;100;;5525628. OTECMI
P707647160;33;;5525628. OTECMI
P707647574;50;;5525545. M.G.A.
P707647575;90;;5525157. CHROMATLANTIQUE INDUSTRIEL
P707647576;90;;5525157. CHROMATLANTIQUE INDUSTRIEL
P707647577;90;;5525157. CHROMATLANTIQUE INDUSTRIEL
P707647585;45;;5524937. A2M INDUSTRIE
P707647586;45;;5524937. A2M INDUSTRIE
P707648027;80;;5524906. BODYCOTE
P707648847;50;;5525545. M.G.A.
P707648848;50;;5525545. M.G.A.
P707648849;50;;5525545. M.G.A.
P707648850;100;;5525157. CHROMATLANTIQUE INDUSTRIEL
P707648851;100;;5525157. CHROMATLANTIQUE INDUSTRIEL
P707648852;100;;5525157. CHROMATLANTIQUE INDUSTRIEL
P707648853;100;;5525157. CHROMATLANTIQUE INDUSTRIEL
P707649806;45;;5524937. A2M INDUSTRIE
P707649807;45;;5524937. A2M INDUSTRIE
P707649808;45;;5524937. A2M INDUSTRIE
P707649809;45;;5524937. A2M INDUSTRIE
P707650828;80;;5525157. CHROMATLANTIQUE INDUSTRIEL
P707650829;80;;5525157. CHROMATLANTIQUE INDUSTRIEL
P707650830;80;;5525157. CHROMATLANTIQUE INDUSTRIEL
P707650831;80;;5525157. CHROMATLANTIQUE INDUSTRIEL
P707650832;80;;5525157. CHROMATLANTIQUE INDUSTRIEL
P707651834;90;;5524937. A2M INDUSTRIE
P707651835;90;;5524937. A2M INDUSTRIE
P707651836;90;;5524937. A2M INDUSTRIE
P707651837;90;;5524937. A2M INDUSTRIE
P707651871;80;;5525157. CHROMATLANTIQUE INDUSTRIEL
P707651872;80;;5525157. CHROMATLANTIQUE INDUSTRIEL
P707651873;80;;5525157. CHROMATLANTIQUE INDUSTRIEL
P707651874;80;;5525157. CHROMATLANTIQUE INDUSTRIEL
P707652735;40;;5536150. TALLERES MECANICOS ARRI S COOP
P707652742;30;;5525545. M.G.A.
P707652746;45;;5524937. A2M INDUSTRIE
P707653277;50;;5525545. M.G.A.
P707653315;45;;5524937. A2M INDUSTRIE
P707654543;50;;5525545. M.G.A.
P707654544;50;;5525545. M.G.A.
P707654545;50;;5525545. M.G.A.
P707654546;50;;5525545. M.G.A.
P707654547;50;;5525545. M.G.A.
P707654610;45;;5524937. A2M INDUSTRIE
P707654614;80;;5525157. CHROMATLANTIQUE INDUSTRIEL
P707654615;80;;5525157. CHROMATLANTIQUE INDUSTRIEL
P707655437;80;;5524937. A2M INDUSTRIE
P707655438;80;;5524937. A2M INDUSTRIE
P707657089;50;;5529906. MOUROT
P707657090;50;;5529906. MOUROT
P707657091;50;;5529906. MOUROT
P707657092;50;;5529906. MOUROT
P707657112;90;;5525157. CHROMATLANTIQUE INDUSTRIEL
P707657113;90;;5525157. CHROMATLANTIQUE INDUSTRIEL
P707657114;90;;5525157. CHROMATLANTIQUE INDUSTRIEL
P707657115;90;;5525157. CHROMATLANTIQUE INDUSTRIEL
P707657116;90;;5525157. CHROMATLANTIQUE INDUSTRIEL
P707657117;90;;5525157. CHROMATLANTIQUE INDUSTRIEL
P707657118;90;;5525157. CHROMATLANTIQUE INDUSTRIEL
P707657119;90;;5525157. CHROMATLANTIQUE INDUSTRIEL
P707657571;70;;5525074. C.M.B.A.
P707657572;70;;5525074. C.M.B.A.
P707657573;50;;5525849. EUROTEC - CENTRE
P707657987;70;;5524906. BODYCOTE
P707657988;70;;5524906. BODYCOTE
P707657989;70;;5524906. BODYCOTE
P707657990;70;;5524906. BODYCOTE
P707658112;24;;5524906. BODYCOTE
P707658112;30;;5524906. BODYCOTE
P707658113;24;;5524906. BODYCOTE
P707658113;30;;5524906. BODYCOTE
P707658114;24;;5524906. BODYCOTE
P707658114;30;;5524906. BODYCOTE
P707658115;24;;5524906. BODYCOTE
P707658115;30;;5524906. BODYCOTE
P707658140;40;;5525545. M.G.A.
P707658141;40;;5525545. M.G.A.
P707658142;40;;5525545. M.G.A.
P707658143;40;;5525545. M.G.A.
P707658156;107;;5525157. CHROMATLANTIQUE INDUSTRIEL
P707658157;107;;5525157. CHROMATLANTIQUE INDUSTRIEL
P707658158;107;;5525157. CHROMATLANTIQUE INDUSTRIEL
P707658159;107;;5525157. CHROMATLANTIQUE INDUSTRIEL
P707658166;50;;5525811. SMEP INDUSTRIES
P707658563;730;;5535384. CHIMIMECA
P707658564;730;;5535384. CHIMIMECA
P707658565;730;;5535384. CHIMIMECA
P707658566;730;;5535384. CHIMIMECA
P707658633;730;;5535384. CHIMIMECA
P707658634;730;;5535384. CHIMIMECA
P707658635;730;;5535384. CHIMIMECA
P707658636;730;;5535384. CHIMIMECA
P707658637;730;;5535384. CHIMIMECA
P707658638;730;;5535384. CHIMIMECA
P707658788;80;;5525545. M.G.A.
P707658789;80;;5525545. M.G.A.
P707658843;40;;5525074. C.M.B.A.
P707658940;33;;5525545. M.G.A.
P707658945;52;;5524898. MANOIR PITRES
P707659699;120;;5525157. CHROMATLANTIQUE INDUSTRIEL
P707659700;120;;5525157. CHROMATLANTIQUE INDUSTRIEL
P707659701;120;;5525157. CHROMATLANTIQUE INDUSTRIEL
P707659702;120;;5525157. CHROMATLANTIQUE INDUSTRIEL
P707659703;120;;5525157. CHROMATLANTIQUE INDUSTRIEL
P707659704;120;;5525157. CHROMATLANTIQUE INDUSTRIEL
P707659705;40;;5525545. M.G.A.
P707659706;40;;5525545. M.G.A.
P707659707;40;;5525545. M.G.A.
P707659708;40;;5525545. M.G.A.
P707659709;40;;5525545. M.G.A.
P707662136;50;;5525545. M.G.A.
P707662144;70;;5525157. CHROMATLANTIQUE INDUSTRIEL
P707662145;70;;5525157. CHROMATLANTIQUE INDUSTRIEL
P707662146;70;;5525157. CHROMATLANTIQUE INDUSTRIEL
P707662147;70;;5525157. CHROMATLANTIQUE INDUSTRIEL
P707662148;70;;5525157. CHROMATLANTIQUE INDUSTRIEL
P707663271;50;;5525545. M.G.A.
P707663272;50;;5525545. M.G.A.
P707663277;90;;5525157. CHROMATLANTIQUE INDUSTRIEL
P707663278;90;;5525157. CHROMATLANTIQUE INDUSTRIEL
P707663279;90;;5525157. CHROMATLANTIQUE INDUSTRIEL
P707663280;90;;5525157. CHROMATLANTIQUE INDUSTRIEL
P707663327;120;;5525628. OTECMI
P707663328;120;;5525628. OTECMI
P707663329;120;;5525628. OTECMI
P707663330;120;;5525628. OTECMI
P707663339;64;;5525628. OTECMI
P707663340;64;;5525628. OTECMI
P707665244;50;;5525545. M.G.A.
P707665246;90;;5525157. CHROMATLANTIQUE INDUSTRIEL
P707665247;90;;5525157. CHROMATLANTIQUE INDUSTRIEL
P707665304;30;;5525556. METAFORM SARL
P707665305;30;;5525556. METAFORM SARL
P707666369;50;;5525545. M.G.A.
P707666370;50;;5525545. M.G.A.
P707666371;50;;5525545. M.G.A.
P707666372;50;;5525545. M.G.A.
P707666505;64;;5525628. OTECMI
P707666506;64;;5525628. OTECMI
P707666507;64;;5525628. OTECMI
P707666508;64;;5525628. OTECMI
P707667473;50;;5525545. M.G.A.
P707667549;80;;5525157. CHROMATLANTIQUE INDUSTRIEL
P707667550;80;;5525157. CHROMATLANTIQUE INDUSTRIEL
P707668357;120;;5525157. CHROMATLANTIQUE INDUSTRIEL
P707668358;120;;5525157. CHROMATLANTIQUE INDUSTRIEL
P707669237;140;;5525157. CHROMATLANTIQUE INDUSTRIEL
P707669238;140;;5525157. CHROMATLANTIQUE INDUSTRIEL
P707669239;140;;5525157. CHROMATLANTIQUE INDUSTRIEL
P707669240;140;;5525157. CHROMATLANTIQUE INDUSTRIEL
P707669354;30;;5525556. METAFORM SARL
P707669355;30;;5525556. METAFORM SARL
P707720143;60;;5524906. BODYCOTE
P707746768;40;;5525842. TDN
P707746769;40;;5525842. TDN
P707810269;60;;5524734. STI SRL
P707822051;23;;5525628. OTECMI
P707846478;32;;5527605. AUTOLUBRIFICATION PRODUITS SYNTHESE
P707858432;60;;5530736. TRAITEMENTS DE SURFACE ET MECANIQUE
P707858433;60;;5530736. TRAITEMENTS DE SURFACE ET MECANIQUE
P707893391;40;;5525116. APAEI DU BOCAGE VIROIS ET DE LA SUI
P707924589;50;;5525455. LABELLE TRAITEMENT DE SURFACE SA
P707924590;50;;5525455. LABELLE TRAITEMENT DE SURFACE SA
P707924591;50;;5525455. LABELLE TRAITEMENT DE SURFACE SA
P708329257;70;;5525406. INSTITUT DE SOUDURE INDUSTRIE
P708459175;60;;5524906. BODYCOTE
P708459176;60;;5524906. BODYCOTE
P708459234;30;;5525545. M.G.A.
P708459235;30;;5525545. M.G.A.
P708459236;30;;5525545. M.G.A.
P708972745;80;;5525545. M.G.A.
P709316904;70;;5525713. S.I.R.E
P709330198;30;;5525556. METAFORM SARL
P709330199;30;;5525556. METAFORM SARL
P709330496;30;;5525556. METAFORM SARL
P709399525;80;;5524906. BODYCOTE
P709566716;40;;5516063. HEUTE + COMP
P709790688;50;;5525850. THIERION
P709880602;50;;5525137. YELLOZINDUSTRY
P709880612;50;;5525849. EUROTEC - CENTRE
P709880660;50;;5525849. EUROTEC - CENTRE
P710236510;50;;5525045. ATELIERS NORMANDS DE PRECISION
P710236511;50;;5525045. ATELIERS NORMANDS DE PRECISION
P710281853;40;;5525561. MIC FRANCE
P710298697;50;;5525545. M.G.A.
P710306481;40;;5525628. OTECMI
P710306517;40;;5525628. OTECMI
P710739627;40;;5516063. HEUTE + COMP
P710739628;40;;5516063. HEUTE + COMP
P710742469;82;;5530736. TRAITEMENTS DE SURFACE ET MECANIQUE
P710754003;40;;5525074. C.M.B.A.
P710754765;50;;5530736. TRAITEMENTS DE SURFACE ET MECANIQUE
P710769329;40;;5525545. M.G.A.
P710780169;23;;5525406. INSTITUT DE SOUDURE INDUSTRIE
P710780171;23;;5525406. INSTITUT DE SOUDURE INDUSTRIE
P710783570;140;;5525799. SOPI
P710783571;140;;5525799. SOPI
P710783572;140;;5525799. SOPI
P710783573;140;;5525799. SOPI
P710783574;140;;5525799. SOPI
P710783575;140;;5525799. SOPI
P710783576;140;;5525799. SOPI
P710783577;140;;5525799. SOPI
P710783578;140;;5525799. SOPI
P710783579;140;;5525799. SOPI
P710783580;140;;5525799. SOPI
P710784401;80;;5524906. BODYCOTE
P710784498;93;;5525857. SAS TMN SURFACE
P710784524;50;;5525857. SAS TMN SURFACE
P710847328;40;;5516063. HEUTE + COMP
P710847336;40;;5516063. HEUTE + COMP
P710847337;40;;5516063. HEUTE + COMP
P710847338;40;;5516063. HEUTE + COMP
P710847339;40;;5516063. HEUTE + COMP
P710856196;140;;5525799. SOPI
P710856197;140;;5525799. SOPI
P710856198;140;;5525799. SOPI
P710856199;140;;5525799. SOPI
P710856200;140;;5525799. SOPI
P710856201;140;;5525799. SOPI
P710856202;140;;5525799. SOPI
P710856203;140;;5525799. SOPI
P710856204;140;;5525799. SOPI
P710856205;140;;5525799. SOPI
P710856206;140;;5525799. SOPI
P710856207;140;;5525799. SOPI
P710856208;140;;5525799. SOPI
P710856209;140;;5525799. SOPI
P710856210;140;;5525799. SOPI
P710856211;140;;5525799. SOPI
P710856212;140;;5525799. SOPI
P710856213;140;;5525799. SOPI
P710856214;140;;5525799. SOPI
P710856215;140;;5525799. SOPI
P710856216;140;;5525799. SOPI
P710856217;140;;5525799. SOPI
P710856221;40;;5525116. APAEI DU BOCAGE VIROIS ET DE LA SUI
P710856222;40;;5525116. APAEI DU BOCAGE VIROIS ET DE LA SUI
P710902235;40;;5525539. M.P.I. SARL
P710902236;40;;5525539. M.P.I. SARL
P710902254;50;;5524036. SIAC STRUMENTAZIONI SPA
P710902255;50;;5524036. SIAC STRUMENTAZIONI SPA
P710906521;40;;5524416. MPO
P710906540;40;;5524416. MPO
P710906541;40;;5524416. MPO
P710907967;40;;5525808. SOCIETE NOUVELLE SMB
P710907967;70;;5524906. BODYCOTE
P711062996;40;;5525838. TECHMA
P711062997;40;;5525838. TECHMA
P711062998;40;;5525838. TECHMA
P711062999;40;;5525838. TECHMA
P711063000;40;;5525838. TECHMA
P711063001;40;;5525838. TECHMA
P711063002;40;;5525838. TECHMA
P711063030;40;;5524416. MPO
P711063031;40;;5524416. MPO
P711063265;23;;5525628. OTECMI
P711066520;70;;5524416. MPO
P711214254;40;;5516063. HEUTE + COMP
P711214255;40;;5516063. HEUTE + COMP
P711214256;40;;5516063. HEUTE + COMP
P711214257;30;;5525701. SAIMAP - VIENNOT SAS
P711214258;30;;5525701. SAIMAP - VIENNOT SAS
P711214259;30;;5525701. SAIMAP - VIENNOT SAS
P711214260;30;;5525701. SAIMAP - VIENNOT SAS
P711214261;30;;5525701. SAIMAP - VIENNOT SAS
P711214262;30;;5525701. SAIMAP - VIENNOT SAS
P711214263;30;;5525701. SAIMAP - VIENNOT SAS
P711214264;10;;5525838. TECHMA
P711214265;10;;5525838. TECHMA
P711214266;10;;5525838. TECHMA
P711214267;10;;5525838. TECHMA
P711221252;40;;5516063. HEUTE + COMP
P711221253;40;;5516063. HEUTE + COMP
P711221254;40;;5516063. HEUTE + COMP
P711221255;40;;5516063. HEUTE + COMP
P711221256;40;;5516063. HEUTE + COMP
P711236447;30;;5516063. HEUTE + COMP
P711236448;30;;5516063. HEUTE + COMP
P711236449;30;;5516063. HEUTE + COMP
P711236450;30;;5516063. HEUTE + COMP
P711236451;30;;5516063. HEUTE + COMP
P711236452;30;;5516063. HEUTE + COMP
P711236453;30;;5516063. HEUTE + COMP
P711236454;10;;5525838. TECHMA
P711237691;40;;5516063. HEUTE + COMP
P711237747;40;;5525884. USIMECAEN
21690723;30;;5535226. RJ INDUSTRIE
22299860;20;;5525838. TECHMA
22299860;100;;5525628. OTECMI
22299861;20;;5525838. TECHMA
22299861;100;;5525628. OTECMI
22299862;20;;5525838. TECHMA
22299862;100;;5525628. OTECMI
22299863;20;;5525838. TECHMA
22299863;100;;5525628. OTECMI
22299865;20;;5525838. TECHMA
22299865;100;;5525628. OTECMI
22299867;20;;5525838. TECHMA
22299867;100;;5525628. OTECMI
22299868;20;;5525838. TECHMA
22299868;100;;5525628. OTECMI
22299930;20;;5525838. TECHMA
22299930;100;;5525628. OTECMI
22299931;20;;5525838. TECHMA
22299931;100;;5525628. OTECMI
22299934;20;;5525838. TECHMA
22299934;100;;5525628. OTECMI
22299936;20;;5525838. TECHMA
22299936;100;;5525628. OTECMI
22299938;20;;5525838. TECHMA
22299938;100;;5525628. OTECMI
22350056;90;;5525628. OTECMI
22397902;70;;5525157. CHROMATLANTIQUE INDUSTRIEL
22397903;70;;5525157. CHROMATLANTIQUE INDUSTRIEL
22397905;70;;5525157. CHROMATLANTIQUE INDUSTRIEL
31046852;90;;5525857. SAS TMN SURFACE
31046852;110;;5530045. TMN THERMIQUE
31147115;177;;5525948. DRESSER MACHINERY (SUZHOU) CO., LTD
31406587;90;;5525628. OTECMI
31406588;90;;5525628. OTECMI
31538410;100;;5525628. OTECMI
31564303;80;;5525857. SAS TMN SURFACE
31564303;100;;5530045. TMN THERMIQUE
31593852;40;;5525545. M.G.A.
31593853;40;;5525545. M.G.A.
31593854;40;;5525545. M.G.A.
31593855;40;;5525545. M.G.A.
31593856;40;;5525545. M.G.A.
31593857;40;;5525545. M.G.A.
31593858;40;;5525545. M.G.A.
31593859;40;;5525545. M.G.A.
31595638;90;;5525157. CHROMATLANTIQUE INDUSTRIEL
31595639;90;;5525157. CHROMATLANTIQUE INDUSTRIEL
31595640;90;;5525157. CHROMATLANTIQUE INDUSTRIEL
31595642;90;;5525157. CHROMATLANTIQUE INDUSTRIEL
31595645;90;;5525157. CHROMATLANTIQUE INDUSTRIEL
31595647;90;;5525157. CHROMATLANTIQUE INDUSTRIEL
31595648;90;;5525157. CHROMATLANTIQUE INDUSTRIEL
31618106;40;;5536150. TALLERES MECANICOS ARRI S COOP
31618106;100;;5525628. OTECMI
31618107;40;;5536150. TALLERES MECANICOS ARRI S COOP
31618107;100;;5525628. OTECMI
31618109;40;;5536150. TALLERES MECANICOS ARRI S COOP
31618109;100;;5525628. OTECMI
31785516;40;;5516063. HEUTE + COMP
31836036;70;;5525545. M.G.A.
31861154;12;;5525556. METAFORM SARL
31944133;568;;5530045. TMN THERMIQUE
31944137;568;;5530045. TMN THERMIQUE
31944209;568;;5530045. TMN THERMIQUE
31944214;568;;5530045. TMN THERMIQUE
31944223;568;;5530045. TMN THERMIQUE
31944227;568;;5530045. TMN THERMIQUE
31963230;40;5052451531/80;5525545. M.G.A.
31963232;40;5052451531/90;5525545. M.G.A.
31963234;40;;5525545. M.G.A.
31963236;40;;5525545. M.G.A.
31963238;40;;5525545. M.G.A.
31963240;40;;5525545. M.G.A.
31963242;40;;5525545. M.G.A.
31963243;40;;5525545. M.G.A.
31977413;40;5052097714/20;5525701. SAIMAP - VIENNOT SAS
32008678;50;5052392904/20;5525545. M.G.A.
32025132;568;;5530045. TMN THERMIQUE
32025141;568;;5530045. TMN THERMIQUE
32025143;568;;5530045. TMN THERMIQUE
32025144;568;;5530045. TMN THERMIQUE
32025147;568;;5530045. TMN THERMIQUE
32025149;568;;5530045. TMN THERMIQUE
32025152;568;;5530045. TMN THERMIQUE
32025154;568;;5530045. TMN THERMIQUE
32025155;568;;5530045. TMN THERMIQUE
32025157;568;;5530045. TMN THERMIQUE
32025159;568;;5530045. TMN THERMIQUE
32025163;568;;5530045. TMN THERMIQUE
32025165;568;;5530045. TMN THERMIQUE
32034992;75;;5525628. OTECMI
32052284;568;;5530045. TMN THERMIQUE
32052288;568;;5530045. TMN THERMIQUE
32059467;40;5052433751/110;5525628. OTECMI
32069652;40;;5525628. OTECMI
32069655;850;;5525628. OTECMI
32069659;50;;5525628. OTECMI
32069660;40;;5525628. OTECMI
32069661;40;;5525628. OTECMI
32069662;40;;5525628. OTECMI
32069663;40;;5525628. OTECMI
32069664;250;;5525628. OTECMI
32069675;40;5052433751/150;5525628. OTECMI
32069678;40;5052433751/100;5525628. OTECMI
32069679;40;5052433751/120;5525628. OTECMI
32069680;40;5052433751/130;5525628. OTECMI
32069681;40;5052433751/140;5525628. OTECMI
32069688;180;;5525628. OTECMI
32069689;50;;5525628. OTECMI
32070063;50;;5525628. OTECMI
32070063;200;;5535384. CHIMIMECA
32070065;50;;5525628. OTECMI
32070066;400;;5525628. OTECMI
32070067;200;;5525628. OTECMI
32070068;250;;5525628. OTECMI
32070069;250;;5525628. OTECMI
32070070;15;;5525628. OTECMI
32070070;200;;5535384. CHIMIMECA
32070071;250;;5525628. OTECMI
32070074;250;;5525628. OTECMI
32070075;250;;5525628. OTECMI
32070076;14;;5525628. OTECMI
32070077;250;;5525628. OTECMI
32070506;40;5052433751/60;5525628. OTECMI
32070509;35;5052433751/70;5525628. OTECMI
32070510;250;;5525628. OTECMI
32070513;40;5052433751/10;5525628. OTECMI
32074366;50;;5525628. OTECMI
32075000;90;;5525628. OTECMI
32075002;90;;5525628. OTECMI
32075003;33;;5525628. OTECMI
32075004;33;;5525628. OTECMI
32075005;70;;5525556. METAFORM SARL
32076925;70;;5525628. OTECMI
32076926;70;;5525628. OTECMI
32076927;70;;5525628. OTECMI
32077725;70;;5525628. OTECMI
32077726;250;;5525628. OTECMI
32077727;70;;5525628. OTECMI
32077728;70;;5525628. OTECMI
32077729;70;;5525628. OTECMI
32077732;70;;5525628. OTECMI
32077733;70;;5525628. OTECMI
32078007;70;;5525628. OTECMI
32078008;70;;5525628. OTECMI
32078010;70;;5525628. OTECMI
32078012;70;;5525628. OTECMI
32078013;70;;5525628. OTECMI
32079707;568;;5530045. TMN THERMIQUE
32079711;568;;5530045. TMN THERMIQUE
32079715;568;;5530045. TMN THERMIQUE
32083821;40;5052433751/90;5525628. OTECMI
32083822;40;5052433751/80;5525628. OTECMI
32084529;568;;5530045. TMN THERMIQUE
32084530;568;;5530045. TMN THERMIQUE
32084531;568;;5530045. TMN THERMIQUE
32084532;568;;5530045. TMN THERMIQUE
32084533;568;;5530045. TMN THERMIQUE
32084534;568;;5530045. TMN THERMIQUE
32084536;568;;5530045. TMN THERMIQUE
32084537;568;;5530045. TMN THERMIQUE
32084538;568;;5530045. TMN THERMIQUE
32084612;568;;5530045. TMN THERMIQUE
32084698;40;5052433751/40;5525628. OTECMI
32084699;40;5052433751/30;5525628. OTECMI
32085224;250;;5525628. OTECMI
32085234;70;;5525628. OTECMI
32085235;70;;5525628. OTECMI
32087763;40;5052433751/20;5525628. OTECMI
32087767;70;;5525628. OTECMI
32087776;70;;5525628. OTECMI
32088506;50;;5525628. OTECMI
32088509;50;;5525628. OTECMI
32088511;50;;5525628. OTECMI
32088513;70;;5525628. OTECMI
32101368;40;5052433751/50;5525628. OTECMI
32101439;250;;5525628. OTECMI
32101480;70;;5525628. OTECMI
32101481;70;;5525628. OTECMI
32101493;70;;5525628. OTECMI
32101496;70;;5525628. OTECMI
32101497;70;;5525628. OTECMI
32101498;70;;5525628. OTECMI
32101500;70;;5525628. OTECMI
32101501;70;;5525628. OTECMI
32101516;70;;5525628. OTECMI
32101517;70;;5525628. OTECMI
32101518;70;;5525628. OTECMI
32101519;70;;5525628. OTECMI
32101520;70;;5525628. OTECMI
32101521;70;;5525628. OTECMI
32101522;70;;5525628. OTECMI
32101523;70;;5525628. OTECMI
32101524;70;;5525628. OTECMI
32101525;70;;5525628. OTECMI
32101526;70;;5525628. OTECMI
32127008;50;5052425836/10;5529906. MOUROT
32127015;50;5052425836/80;5529906. MOUROT
32130350;40;;5536150. TALLERES MECANICOS ARRI S COOP
32130350;80;;5525628. OTECMI
32133278;730;;5535384. CHIMIMECA
32133303;730;;5535384. CHIMIMECA
32133315;730;;5535384. CHIMIMECA
32133328;730;;5535384. CHIMIMECA
32133331;730;;5535384. CHIMIMECA
32133334;730;;5535384. CHIMIMECA
32133337;730;;5535384. CHIMIMECA
32133339;730;;5535384. CHIMIMECA
32133343;730;;5535384. CHIMIMECA
32133345;730;;5535384. CHIMIMECA
32133347;730;;5535384. CHIMIMECA
32133349;730;;5535384. CHIMIMECA
32133352;730;;5535384. CHIMIMECA
32133355;730;;5535384. CHIMIMECA
32133357;730;;5535384. CHIMIMECA
32133359;730;;5535384. CHIMIMECA
32133361;730;;5535384. CHIMIMECA
32133364;730;;5535384. CHIMIMECA
32133367;730;;5535384. CHIMIMECA
32133371;730;;5535384. CHIMIMECA
32133373;730;;5535384. CHIMIMECA
32133377;730;;5535384. CHIMIMECA
32133381;730;;5535384. CHIMIMECA
32133392;730;;5535384. CHIMIMECA
32133396;730;;5535384. CHIMIMECA
32133399;730;;5535384. CHIMIMECA
32133401;730;;5535384. CHIMIMECA
32133404;730;;5535384. CHIMIMECA
32133406;730;;5535384. CHIMIMECA
32133410;730;;5535384. CHIMIMECA
32133412;730;;5535384. CHIMIMECA
32133416;730;;5535384. CHIMIMECA
32133419;730;;5535384. CHIMIMECA
32133422;730;;5535384. CHIMIMECA
32133424;730;;5535384. CHIMIMECA
32133426;730;;5535384. CHIMIMECA
32133429;730;;5535384. CHIMIMECA
32133432;730;;5535384. CHIMIMECA
32133436;730;;5535384. CHIMIMECA
32133440;730;;5535384. CHIMIMECA
32133443;730;;5535384. CHIMIMECA
32133453;730;;5535384. CHIMIMECA
32133457;730;;5535384. CHIMIMECA
32133460;730;;5535384. CHIMIMECA
32133463;730;;5535384. CHIMIMECA
32133467;730;;5535384. CHIMIMECA
32133470;730;;5535384. CHIMIMECA
32140160;730;;5535384. CHIMIMECA
32140164;730;;5535384. CHIMIMECA
32140168;730;;5535384. CHIMIMECA
32140170;730;;5535384. CHIMIMECA
32140174;730;;5535384. CHIMIMECA
32140181;730;;5535384. CHIMIMECA
32140183;730;;5535384. CHIMIMECA
32140190;730;;5535384. CHIMIMECA
32140193;730;;5535384. CHIMIMECA
32140200;730;;5535384. CHIMIMECA
32140204;730;;5535384. CHIMIMECA
32140210;730;;5535384. CHIMIMECA
32140216;730;;5535384. CHIMIMECA
32140223;730;;5535384. CHIMIMECA
32140228;730;;5535384. CHIMIMECA
32140232;730;;5535384. CHIMIMECA
32140239;730;;5535384. CHIMIMECA
32140256;730;;5535384. CHIMIMECA
32140266;730;;5535384. CHIMIMECA
32143784;40;5052428405/10;5525545. M.G.A.
32143786;40;5052428405/20;5525545. M.G.A.
32150230;45;5052404484/10;5525545. M.G.A.
32156411;730;;5535384. CHIMIMECA
32156413;730;;5535384. CHIMIMECA
32156416;730;;5535384. CHIMIMECA
32156418;730;;5535384. CHIMIMECA
32156422;730;;5535384. CHIMIMECA
32156423;730;;5535384. CHIMIMECA
32156424;730;;5535384. CHIMIMECA
32156425;730;;5535384. CHIMIMECA
32156427;730;;5535384. CHIMIMECA
32156428;730;;5535384. CHIMIMECA
32156431;730;;5535384. CHIMIMECA
32156434;730;;5535384. CHIMIMECA
32156437;730;;5535384. CHIMIMECA
32156439;730;;5535384. CHIMIMECA
32156456;730;;5535384. CHIMIMECA
32156458;730;;5535384. CHIMIMECA
32156459;730;;5535384. CHIMIMECA
32156460;730;;5535384. CHIMIMECA
32156461;730;;5535384. CHIMIMECA
32156462;730;;5535384. CHIMIMECA
32156463;730;;5535384. CHIMIMECA
32156464;730;;5535384. CHIMIMECA
32156465;730;;5535384. CHIMIMECA
32156466;730;;5535384. CHIMIMECA
32156467;730;;5535384. CHIMIMECA
32158729;730;;5535384. CHIMIMECA
32158731;730;;5535384. CHIMIMECA
32158733;730;;5535384. CHIMIMECA
32158734;730;;5535384. CHIMIMECA
32158736;730;;5535384. CHIMIMECA
32158737;730;;5535384. CHIMIMECA
32158928;730;;5535384. CHIMIMECA
32158929;730;;5535384. CHIMIMECA
32158930;730;;5535384. CHIMIMECA
32158931;730;;5535384. CHIMIMECA
32158932;730;;5535384. CHIMIMECA
32158933;730;;5535384. CHIMIMECA
32158934;730;;5535384. CHIMIMECA
32158935;730;;5535384. CHIMIMECA
32158936;730;;5535384. CHIMIMECA
32158937;730;;5535384. CHIMIMECA
32211216;40;5052451531/10;5525545. M.G.A.
32211217;40;;5525545. M.G.A.
32211218;40;;5525545. M.G.A.
32211226;70;;5525556. METAFORM SARL
32211227;70;;5525556. METAFORM SARL
32228715;40;;5536150. TALLERES MECANICOS ARRI S COOP
32228715;100;;5525628. OTECMI
32228717;40;;5536150. TALLERES MECANICOS ARRI S COOP
32228717;100;;5525628. OTECMI
32228718;40;;5536150. TALLERES MECANICOS ARRI S COOP
32228718;100;;5525628. OTECMI
32231746;45;;5525545. M.G.A.
32231747;45;;5525545. M.G.A.
32231748;45;;5525545. M.G.A.
32244681;50;;5525545. M.G.A.
32257844;50;;5525628. OTECMI
32257846;50;;5525628. OTECMI
32258987;40;;5525838. TECHMA
32258987;80;;5525628. OTECMI
32258989;35;;5536150. TALLERES MECANICOS ARRI S COOP
32258989;80;;5525628. OTECMI
32258990;40;;5525838. TECHMA
32258990;80;;5525628. OTECMI
32264152;40;5052268743/10;5525701. SAIMAP - VIENNOT SAS
32280093;40;5052201679/10;5525701. SAIMAP - VIENNOT SAS
32300682;30;;5535226. RJ INDUSTRIE
32306698;60;;5524906. BODYCOTE
32306698;70;;5524906. BODYCOTE
32318940;60;;5525157. CHROMATLANTIQUE INDUSTRIEL
32318942;60;;5525157. CHROMATLANTIQUE INDUSTRIEL
32318945;60;;5525157. CHROMATLANTIQUE INDUSTRIEL
32318947;60;;5525157. CHROMATLANTIQUE INDUSTRIEL
32329837;40;5052213385/10;5525701. SAIMAP - VIENNOT SAS
32367540;117;;5525628. OTECMI
32367547;117;;5525628. OTECMI
32387079;40;5052266521/10;5525701. SAIMAP - VIENNOT SAS
32388787;50;;5525922. WITZENMANN FRANCE SARL
32390760;40;;5525545. M.G.A.
32391161;50;;5525922. WITZENMANN FRANCE SARL
32402867;60;;5525157. CHROMATLANTIQUE INDUSTRIEL
32406119;120;;5525157. CHROMATLANTIQUE INDUSTRIEL
32437876;14;;5525754. SERODEM
32437876;40;;5516063. HEUTE + COMP
32441900;20;;5525857. SAS TMN SURFACE
32441900;40;;5530045. TMN THERMIQUE
32442515;80;;5525155. CHIMIDEROUIL BELGIUM SA
32446394;18;;5536150. TALLERES MECANICOS ARRI S COOP
32449205;80;;5535384. CHIMIMECA
32449209;80;;5535384. CHIMIMECA
32449212;80;;5535384. CHIMIMECA
32449217;80;;5535384. CHIMIMECA
32449221;80;;5535384. CHIMIMECA
32452406;50;;5525455. LABELLE TRAITEMENT DE SURFACE SA
32452609;37;;5524906. BODYCOTE
32455120;80;;5535384. CHIMIMECA
32460838;40;;5525922. WITZENMANN FRANCE SARL
32464503;40;;5525849. EUROTEC - CENTRE
32465885;130;;5525157. CHROMATLANTIQUE INDUSTRIEL
32489942;40;5052261714/11;5525701. SAIMAP - VIENNOT SAS
32489945;40;5052261726/10;5525701. SAIMAP - VIENNOT SAS
32491201;40;;5525838. TECHMA
32491201;80;;5525628. OTECMI
32491203;40;;5525838. TECHMA
32491203;80;;5525628. OTECMI
32496630;33;;5525628. OTECMI
32497064;30;5052265891/31;5527326. ORIC ITALIANA S.R.L.
32507109;8;5052413205/10;5525838. TECHMA
32507109;30;;5525701. SAIMAP - VIENNOT SAS
32517941;90;;5525155. CHIMIDEROUIL BELGIUM SA
32517944;90;;5525155. CHIMIDEROUIL BELGIUM SA
32519496;50;;5524906. BODYCOTE
32519497;50;;5524906. BODYCOTE
32519498;50;;5524906. BODYCOTE
32519499;50;;5524906. BODYCOTE
32519502;50;;5524906. BODYCOTE
32519503;50;;5524906. BODYCOTE
32519504;50;;5524906. BODYCOTE
32519505;50;;5524906. BODYCOTE
32519506;40;;5524906. BODYCOTE
32519508;40;;5524906. BODYCOTE
32519509;40;;5524906. BODYCOTE
32519510;40;;5524906. BODYCOTE
32519511;33;;5525545. M.G.A.
32519512;33;;5525545. M.G.A.
32519513;33;;5525545. M.G.A.
32523105;80;;5525857. SAS TMN SURFACE
32523105;100;;5530045. TMN THERMIQUE
32523106;80;;5525857. SAS TMN SURFACE
32523106;100;;5530045. TMN THERMIQUE
32523107;80;;5525857. SAS TMN SURFACE
32523107;100;;5530045. TMN THERMIQUE
32523109;80;;5525857. SAS TMN SURFACE
32523109;100;5052450801/10;5530045. TMN THERMIQUE
32523110;80;;5525857. SAS TMN SURFACE
32523110;100;;5530045. TMN THERMIQUE
32523111;80;;5525857. SAS TMN SURFACE
32523111;100;5052450801/20;5530045. TMN THERMIQUE
32526141;60;;5525157. CHROMATLANTIQUE INDUSTRIEL
32526142;60;;5525157. CHROMATLANTIQUE INDUSTRIEL
32526143;60;;5525157. CHROMATLANTIQUE INDUSTRIEL
32526145;60;;5525157. CHROMATLANTIQUE INDUSTRIEL
32529807;33;;5525545. M.G.A.
32547856;60;;5525157. CHROMATLANTIQUE INDUSTRIEL
32557456;62;;5525556. METAFORM SARL
32559355;40;5052294791/10;5525701. SAIMAP - VIENNOT SAS
32565571;40;;5516063. HEUTE + COMP
32572054;33;;5525545. M.G.A.
32572055;33;;5525545. M.G.A.
32572057;33;;5525545. M.G.A.
32572058;33;;5525545. M.G.A.
32572347;80;;5535384. CHIMIMECA
32579251;83;;5525157. CHROMATLANTIQUE INDUSTRIEL
32582057;40;5052379614/11;5525701. SAIMAP - VIENNOT SAS
32584184;60;;5525922. WITZENMANN FRANCE SARL
32584961;40;5052310127/10;5525701. SAIMAP - VIENNOT SAS
32585531;730;;5535384. CHIMIMECA
32585533;730;;5535384. CHIMIMECA
32585536;730;;5535384. CHIMIMECA
32585538;730;;5535384. CHIMIMECA
32585542;730;;5535384. CHIMIMECA
32585608;60;;5525922. WITZENMANN FRANCE SARL
32585611;60;;5525922. WITZENMANN FRANCE SARL
32585615;60;;5525922. WITZENMANN FRANCE SARL
32589004;120;;5525157. CHROMATLANTIQUE INDUSTRIEL
32591562;40;;5516063. HEUTE + COMP
32595685;730;;5535384. CHIMIMECA
32595688;730;;5535384. CHIMIMECA
32595690;730;;5535384. CHIMIMECA
32595691;730;;5535384. CHIMIMECA
32595693;730;;5535384. CHIMIMECA
32601886;40;;5525922. WITZENMANN FRANCE SARL
32610216;140;;5525799. SOPI
32612219;40;5052308860/10;5525116. APAEI DU BOCAGE VIROIS ET DE LA SUI
32612872;40;;5516063. HEUTE + COMP
32620704;730;;5535384. CHIMIMECA
32622865;90;;5525157. CHROMATLANTIQUE INDUSTRIEL
32622866;90;;5525157. CHROMATLANTIQUE INDUSTRIEL
32622867;140;;5525157. CHROMATLANTIQUE INDUSTRIEL
32622869;120;;5525157. CHROMATLANTIQUE INDUSTRIEL
32622870;60;;5524906. BODYCOTE
32629499;730;;5535384. CHIMIMECA
32629522;730;;5535384. CHIMIMECA
32629524;730;;5535384. CHIMIMECA
32629525;730;;5535384. CHIMIMECA
32629527;730;;5535384. CHIMIMECA
32629529;730;;5535384. CHIMIMECA
32629531;730;;5535384. CHIMIMECA
32629534;730;;5535384. CHIMIMECA
32629538;730;;5535384. CHIMIMECA
32629541;730;;5535384. CHIMIMECA
32629544;730;;5535384. CHIMIMECA
32629545;730;;5535384. CHIMIMECA
32629547;730;;5535384. CHIMIMECA
32629549;730;;5535384. CHIMIMECA
32629551;730;;5535384. CHIMIMECA
32629565;40;;5524906. BODYCOTE
32629567;40;;5524906. BODYCOTE
32629569;40;;5524906. BODYCOTE
32629570;40;;5524906. BODYCOTE
32634725;80;;5524906. BODYCOTE
32637672;70;;5524416. MPO
32638502;120;;5537165. NORMANDIE THERMIE CONTROLES
32638502;160;5052448215/10;5525628. OTECMI
32638502;161;5052448220/10;5537259. SOBATEC
32638503;120;;5537165. NORMANDIE THERMIE CONTROLES
32638503;160;5052448215/20;5525628. OTECMI
32638503;161;5052448220/20;5537259. SOBATEC
32638504;120;;5537165. NORMANDIE THERMIE CONTROLES
32638504;160;5052452076/10;5525628. OTECMI
32638504;161;;5537259. SOBATEC
32638505;120;;5537165. NORMANDIE THERMIE CONTROLES
32638505;160;5052448215/30;5525628. OTECMI
32638505;161;5052448220/30;5537259. SOBATEC
32638507;120;;5537165. NORMANDIE THERMIE CONTROLES
32638507;160;5052448215/40;5525628. OTECMI
32638507;161;5052448220/40;5537259. SOBATEC
32638508;120;;5537165. NORMANDIE THERMIE CONTROLES
32638508;160;5052452076/20;5525628. OTECMI
32638508;161;;5537259. SOBATEC
32638523;120;;5537165. NORMANDIE THERMIE CONTROLES
32638523;160;;5525628. OTECMI
32638523;161;;5537259. SOBATEC
32638524;120;;5537165. NORMANDIE THERMIE CONTROLES
32638524;160;;5525628. OTECMI
32638524;161;;5537259. SOBATEC
32638525;120;;5537165. NORMANDIE THERMIE CONTROLES
32638525;160;;5525628. OTECMI
32638525;161;;5537259. SOBATEC
32638526;120;;5537165. NORMANDIE THERMIE CONTROLES
32638526;160;;5525628. OTECMI
32638526;161;;5537259. SOBATEC
32638527;120;;5537165. NORMANDIE THERMIE CONTROLES
32638527;160;;5525628. OTECMI
32638527;161;;5537259. SOBATEC
32638528;120;;5537165. NORMANDIE THERMIE CONTROLES
32638528;160;;5525628. OTECMI
32638528;161;;5537259. SOBATEC
32641283;730;;5535384. CHIMIMECA
32641287;730;;5535384. CHIMIMECA
32641291;730;;5535384. CHIMIMECA
32641295;730;;5535384. CHIMIMECA
32641298;730;;5535384. CHIMIMECA
32641330;730;;5535384. CHIMIMECA
32641336;730;;5535384. CHIMIMECA
32641361;730;;5535384. CHIMIMECA
32641368;730;;5535384. CHIMIMECA
32641372;730;;5535384. CHIMIMECA
32641375;730;;5535384. CHIMIMECA
32642423;40;5052436808/10;5525701. SAIMAP - VIENNOT SAS
32645563;70;;5524416. MPO
32649492;74;;5527452. OUTILS COUPANTS HARDMETAL
32649493;74;;5527452. OUTILS COUPANTS HARDMETAL
32649494;74;;5527452. OUTILS COUPANTS HARDMETAL
32649495;34;;5525545. M.G.A.
32649495;90;;5527605. AUTOLUBRIFICATION PRODUITS SYNTHESE
32649496;34;;5525545. M.G.A.
32649496;90;;5527605. AUTOLUBRIFICATION PRODUITS SYNTHESE
32649497;34;;5525545. M.G.A.
32649497;90;;5527605. AUTOLUBRIFICATION PRODUITS SYNTHESE
32651483;730;;5535384. CHIMIMECA
32651490;730;;5535384. CHIMIMECA
32651516;730;;5535384. CHIMIMECA
32651519;730;;5535384. CHIMIMECA
32651522;730;;5535384. CHIMIMECA
32651524;730;;5535384. CHIMIMECA
32651526;730;;5535384. CHIMIMECA
32651527;730;;5535384. CHIMIMECA
32656919;50;5052440861/110;5525545. M.G.A.
32656961;50;5052440861/120;5525545. M.G.A.
32657317;14;;5525754. SERODEM
32657317;40;5052359175/11;5516063. HEUTE + COMP
32657324;14;;5525754. SERODEM
32657324;40;5052359122/10;5525701. SAIMAP - VIENNOT SAS
32657328;30;5052413700/10;5525701. SAIMAP - VIENNOT SAS
32657332;40;5052399875/10;5516063. HEUTE + COMP
32657334;14;;5525754. SERODEM
32657334;40;5052359122/20;5525701. SAIMAP - VIENNOT SAS
32657335;14;;5525754. SERODEM
32657335;40;;5516063. HEUTE + COMP
32657336;30;;5516063. HEUTE + COMP
32657337;10;5052432110/10;5525838. TECHMA
32657338;40;5052399850/10;5525701. SAIMAP - VIENNOT SAS
32658237;40;5052444058/10;5516063. HEUTE + COMP
32661551;14;;5525754. SERODEM
32661551;40;5052359125/10;5525701. SAIMAP - VIENNOT SAS
32669095;74;;5527452. OUTILS COUPANTS HARDMETAL
32669096;34;;5525545. M.G.A.
32669096;90;;5527605. AUTOLUBRIFICATION PRODUITS SYNTHESE
32671794;40;;5525074. C.M.B.A.
32672360;80;;5530736. TRAITEMENTS DE SURFACE ET MECANIQUE
32674679;70;;5524416. MPO
32674701;70;;5524416. MPO
32674703;70;;5524416. MPO
32674705;70;;5524416. MPO
32685296;70;;5524416. MPO
32687872;50;;5529906. MOUROT
32687880;30;5052413698/10;5525701. SAIMAP - VIENNOT SAS
32690235;10;5052432110/30;5525838. TECHMA
32696521;50;5052424704/190;5525545. M.G.A.
32696525;90;;5524906. BODYCOTE
32700274;63;;5525680. RECTIMETO
32700274;83;;5525157. CHROMATLANTIQUE INDUSTRIEL
32700277;63;;5525680. RECTIMETO
32700277;83;;5525157. CHROMATLANTIQUE INDUSTRIEL
32700279;63;;5525680. RECTIMETO
32700279;83;;5525157. CHROMATLANTIQUE INDUSTRIEL
32700866;50;;5525628. OTECMI
32700868;50;;5525628. OTECMI
32700870;50;;5525628. OTECMI
32700878;50;;5525628. OTECMI
32703900;50;;5525628. OTECMI
32703912;70;;5525628. OTECMI
32704783;30;;5525808. SOCIETE NOUVELLE SMB
32704783;60;;5527605. AUTOLUBRIFICATION PRODUITS SYNTHESE
32707096;50;;5525556. METAFORM SARL
32712266;130;;5525754. SERODEM
32712321;730;;5535384. CHIMIMECA
32722647;50;;5525628. OTECMI
32723310;45;5052404448/40;5525545. M.G.A.
32723917;40;5052404448/10;5525545. M.G.A.
32724910;30;5052358436/20;5525701. SAIMAP - VIENNOT SAS
32724912;30;5052445590/10;5516063. HEUTE + COMP
32724914;30;5052445592/10;5516063. HEUTE + COMP
32727784;55;;5525556. METAFORM SARL
32727785;62;;5525556. METAFORM SARL
32730163;120;;5537165. NORMANDIE THERMIE CONTROLES
32730163;160;;5525628. OTECMI
32730163;200;;5537259. SOBATEC
32730164;120;;5537165. NORMANDIE THERMIE CONTROLES
32730164;160;;5525628. OTECMI
32730164;200;;5537259. SOBATEC
32730165;120;;5537165. NORMANDIE THERMIE CONTROLES
32730165;160;;5525628. OTECMI
32730165;200;;5537259. SOBATEC
32730166;120;;5537165. NORMANDIE THERMIE CONTROLES
32730166;160;;5525628. OTECMI
32730166;200;;5537259. SOBATEC
32730167;120;;5537165. NORMANDIE THERMIE CONTROLES
32730167;160;;5525628. OTECMI
32730167;200;;5537259. SOBATEC
32730168;120;;5537165. NORMANDIE THERMIE CONTROLES
32730168;160;;5525628. OTECMI
32730168;200;;5537259. SOBATEC
32730169;120;;5537165. NORMANDIE THERMIE CONTROLES
32730169;160;;5525628. OTECMI
32730169;200;;5537259. SOBATEC
32730170;120;;5537165. NORMANDIE THERMIE CONTROLES
32730170;160;;5525628. OTECMI
32730170;200;;5537259. SOBATEC
32730171;120;;5537165. NORMANDIE THERMIE CONTROLES
32730171;160;;5525628. OTECMI
32730171;200;;5537259. SOBATEC
32730172;120;;5537165. NORMANDIE THERMIE CONTROLES
32730172;160;;5525628. OTECMI
32730172;200;;5537259. SOBATEC
32730173;120;;5537165. NORMANDIE THERMIE CONTROLES
32730173;160;;5525628. OTECMI
32730173;200;;5537259. SOBATEC
32730174;120;;5537165. NORMANDIE THERMIE CONTROLES
32730174;160;;5525628. OTECMI
32730174;200;;5537259. SOBATEC
32731933;80;;5525628. OTECMI
32733383;70;;5525628. OTECMI
32733384;70;;5525628. OTECMI
32734285;330;;5530045. TMN THERMIQUE
32734285;730;5052450959/20;5525628. OTECMI
32734286;330;;5530045. TMN THERMIQUE
32734286;730;5052450959/70;5525628. OTECMI
32734295;330;;5530045. TMN THERMIQUE
32734295;730;5052450959/30;5525628. OTECMI
32734296;330;;5530045. TMN THERMIQUE
32734296;730;5052450959/40;5525628. OTECMI
32734297;330;;5530045. TMN THERMIQUE
32734297;730;5052450959/50;5525628. OTECMI
32734298;330;;5530045. TMN THERMIQUE
32734298;730;5052450959/60;5525628. OTECMI
32734361;330;;5530045. TMN THERMIQUE
32734361;730;5052450959/150;5525628. OTECMI
32734362;330;;5530045. TMN THERMIQUE
32734362;730;5052450959/100;5525628. OTECMI
32734363;330;;5530045. TMN THERMIQUE
32734363;730;5052450959/110;5525628. OTECMI
32734364;330;;5530045. TMN THERMIQUE
32734364;730;5052450959/120;5525628. OTECMI
32734365;330;;5530045. TMN THERMIQUE
32734365;730;5052450959/10;5525628. OTECMI
32734371;330;;5530045. TMN THERMIQUE
32734371;730;5052450959/80;5525628. OTECMI
32734372;330;;5530045. TMN THERMIQUE
32734372;730;5052450959/130;5525628. OTECMI
32734373;330;;5530045. TMN THERMIQUE
32734373;730;5052450959/140;5525628. OTECMI
32734374;330;;5530045. TMN THERMIQUE
32734374;730;5052450959/90;5525628. OTECMI
32735296;330;;5530045. TMN THERMIQUE
32735296;730;;5525628. OTECMI
32735297;330;;5530045. TMN THERMIQUE
32735297;730;;5525628. OTECMI
32735446;330;;5530045. TMN THERMIQUE
32735446;730;;5525628. OTECMI
32735447;330;;5530045. TMN THERMIQUE
32735447;730;;5525628. OTECMI
32735448;330;;5530045. TMN THERMIQUE
32735448;730;;5525628. OTECMI
32735449;330;;5530045. TMN THERMIQUE
32735449;730;;5525628. OTECMI
32735232;730;;5525628. OTECMI
32736205;40;5052341383/10;5525904. VIRE CHAUDRONNERIE
32743579;80;;5524906. BODYCOTE
32743579;140;;5525628. OTECMI
32743828;110;;5524906. BODYCOTE
32743828;180;;5525628. OTECMI
32743829;110;;5524906. BODYCOTE
32743829;180;;5525628. OTECMI
32743830;110;;5524906. BODYCOTE
32743830;180;;5525628. OTECMI
32743831;110;;5524906. BODYCOTE
32743831;180;;5525628. OTECMI
32743832;110;;5524906. BODYCOTE
32743832;180;;5525628. OTECMI
32743833;110;;5524906. BODYCOTE
32743833;180;;5525628. OTECMI
32743834;110;;5524906. BODYCOTE
32743834;180;;5525628. OTECMI
32743835;110;;5524906. BODYCOTE
32743835;180;;5525628. OTECMI
32743836;110;;5524906. BODYCOTE
32743836;180;;5525628. OTECMI
32743837;110;;5524906. BODYCOTE
32743837;180;;5525628. OTECMI
32743838;110;;5524906. BODYCOTE
32743838;180;;5525628. OTECMI
32745782;80;;5524906. BODYCOTE
32745784;40;;5516063. HEUTE + COMP
32748173;330;;5530045. TMN THERMIQUE
32748173;730;5052450959/170;5525628. OTECMI
32748174;330;;5530045. TMN THERMIQUE
32748174;730;5052450959/200;5525628. OTECMI
32748175;330;;5530045. TMN THERMIQUE
32748175;730;5052450959/180;5525628. OTECMI
32748176;330;;5530045. TMN THERMIQUE
32748176;730;5052450959/190;5525628. OTECMI
32748441;730;;5525628. OTECMI
32748977;330;;5530045. TMN THERMIQUE
32748977;730;;5525628. OTECMI
32748978;330;;5530045. TMN THERMIQUE
32748978;730;;5530045. TMN THERMIQUE
32748979;330;;5530045. TMN THERMIQUE
32748979;730;;5530045. TMN THERMIQUE
32749157;330;;5530045. TMN THERMIQUE
32749157;730;;5530045. TMN THERMIQUE
32749186;60;;5525157. CHROMATLANTIQUE INDUSTRIEL
32749720;330;;5530045. TMN THERMIQUE
32749720;730;;5530045. TMN THERMIQUE
32749721;330;;5530045. TMN THERMIQUE
32749721;730;;5530045. TMN THERMIQUE
32754558;40;5052359156/10;5516063. HEUTE + COMP
32754901;40;5052359186/41;5525701. SAIMAP - VIENNOT SAS
32754902;40;5052399867/10;5516063. HEUTE + COMP
32754903;40;5052444076/10;5516063. HEUTE + COMP
32754701;30;5052400714/11;5525701. SAIMAP - VIENNOT SAS
32754702;10;;5525838. TECHMA
32754707;30;;5525701. SAIMAP - VIENNOT SAS
32754742;40;;5516063. HEUTE + COMP
32754743;30;;5516063. HEUTE + COMP
32754744;40;5052359186/20;5525701. SAIMAP - VIENNOT SAS
32754745;10;;5525838. TECHMA
32754749;40;5052359169/10;5525701. SAIMAP - VIENNOT SAS
32754751;10;;5525838. TECHMA
32754752;40;5052436800/10;5525701. SAIMAP - VIENNOT SAS
32754753;30;5052413701/10;5525701. SAIMAP - VIENNOT SAS
32754755;40;5052359191/11;5516063. HEUTE + COMP
32754756;40;5052359162/10;5516063. HEUTE + COMP
32754757;40;5052359156/20;5516063. HEUTE + COMP
32754759;10;5052432110/20;5525838. TECHMA
32754760;30;;5516063. HEUTE + COMP
32754761;40;;5516063. HEUTE + COMP
32754762;40;5052426883/10;5516063. HEUTE + COMP
32754766;40;5052359173/10;5525701. SAIMAP - VIENNOT SAS
32754767;30;;5516063. HEUTE + COMP
32754768;40;5052399852/10;5516063. HEUTE + COMP
32754769;10;;5525838. TECHMA
32754770;40;5052444072/10;5516063. HEUTE + COMP
32754772;40;5052359169/20;5525701. SAIMAP - VIENNOT SAS
32754774;40;;5516063. HEUTE + COMP
32754775;10;;5525838. TECHMA
32754776;30;;5516063. HEUTE + COMP
32754777;40;5052399862/10;5516063. HEUTE + COMP
32754778;40;5052426884/10;5516063. HEUTE + COMP
32754779;40;;5516063. HEUTE + COMP
32754890;30;;5525701. SAIMAP - VIENNOT SAS
32755834;230;;5530045. TMN THERMIQUE
32755834;270;;5525628. OTECMI
32755923;40;5052359176/10;5516063. HEUTE + COMP
32755923;70;5052378749/10;5525701. SAIMAP - VIENNOT SAS
32759294;110;;5527605. AUTOLUBRIFICATION PRODUITS SYNTHESE
32760147;730;;5525628. OTECMI
32760148;730;;5525628. OTECMI
32761217;90;;5525157. CHROMATLANTIQUE INDUSTRIEL
32760867;40;;5516063. HEUTE + COMP
32760869;40;;5516063. HEUTE + COMP
32768131;50;5052425836/20;5529906. MOUROT
32768132;50;5052425836/30;5529906. MOUROT
32768133;50;5052425836/40;5529906. MOUROT
32768134;50;5052425836/50;5529906. MOUROT
32768135;50;5052425836/60;5529906. MOUROT
32768136;50;5052425836/70;5529906. MOUROT
32768138;90;;5524906. BODYCOTE
32768139;90;;5524906. BODYCOTE
32768200;90;;5524906. BODYCOTE
32768201;90;;5524906. BODYCOTE
32768202;90;;5524906. BODYCOTE
32768203;90;;5524906. BODYCOTE
32768204;90;;5525157. CHROMATLANTIQUE INDUSTRIEL
32768205;90;;5525157. CHROMATLANTIQUE INDUSTRIEL
32768206;90;;5525157. CHROMATLANTIQUE INDUSTRIEL
32768207;90;;5525157. CHROMATLANTIQUE INDUSTRIEL
32768208;90;;5525157. CHROMATLANTIQUE INDUSTRIEL
32768209;90;;5525157. CHROMATLANTIQUE INDUSTRIEL
32768210;90;;5525157. CHROMATLANTIQUE INDUSTRIEL
32769253;60;5052417661/10;5527605. AUTOLUBRIFICATION PRODUITS SYNTHESE
32771546;40;5052397582/10;5516063. HEUTE + COMP
32773721;30;;5525701. SAIMAP - VIENNOT SAS
32774343;12;;5525556. METAFORM SARL
32774858;70;;5524416. MPO
32776064;40;5052399849/11;5525701. SAIMAP - VIENNOT SAS
32780884;50;5052424704/160;5525545. M.G.A.
32782584;80;;5525842. TDN
32785500;40;;5525545. M.G.A.
32788533;120;;5525157. CHROMATLANTIQUE INDUSTRIEL
32788717;330;;5530045. TMN THERMIQUE
32788717;730;;5525628. OTECMI
32788718;330;;5530045. TMN THERMIQUE
32788718;730;;5525628. OTECMI
32788741;80;;5535384. CHIMIMECA
32788742;80;;5535384. CHIMIMECA
32788743;80;;5535384. CHIMIMECA
32792032;30;5052435044/40;5524906. BODYCOTE
32792032;45;;5524937. A2M INDUSTRIE
32793547;50;5052424704/180;5525545. M.G.A.
32795049;60;;5524906. BODYCOTE
32797172;30;5052450976/10;5525701. SAIMAP - VIENNOT SAS
32798869;130;;5535384. CHIMIMECA
32798870;130;;5535384. CHIMIMECA
32798871;130;;5535384. CHIMIMECA
32798873;130;;5535384. CHIMIMECA
32800576;330;;5530045. TMN THERMIQUE
32800576;730;;5530045. TMN THERMIQUE
32800577;330;;5530045. TMN THERMIQUE
32800577;730;;5530045. TMN THERMIQUE
32801282;330;;5530045. TMN THERMIQUE
32801282;730;;5525628. OTECMI
32801283;730;;5525628. OTECMI
32802288;330;;5530045. TMN THERMIQUE
32802288;730;;5525628. OTECMI
32802289;330;;5530045. TMN THERMIQUE
32802289;730;;5525628. OTECMI
32802356;730;;5525628. OTECMI
32802357;730;;5525628. OTECMI
32802358;730;;5525628. OTECMI
32802359;730;;5525628. OTECMI
32803596;330;;5530045. TMN THERMIQUE
32803596;730;5052450959/160;5525628. OTECMI
32804152;50;;5529906. MOUROT
32804584;40;;5525545. M.G.A.
32804586;40;;5525922. WITZENMANN FRANCE SARL
32804587;40;;5525922. WITZENMANN FRANCE SARL
32804588;40;;5525922. WITZENMANN FRANCE SARL
32805540;730;;5525628. OTECMI
32807968;12;;5525556. METAFORM SARL
32807969;12;;5525556. METAFORM SARL
32807970;12;;5525556. METAFORM SARL
32807971;12;;5525556. METAFORM SARL
32807972;12;;5525556. METAFORM SARL
32807973;12;;5525556. METAFORM SARL
32810058;80;;5525157. CHROMATLANTIQUE INDUSTRIEL
32811972;50;;5525884. USIMECAEN
32823533;50;;5525628. OTECMI
32823537;50;;5525922. WITZENMANN FRANCE SARL
32824163;40;5052440861/140;5525545. M.G.A.
32826200;40;;5525545. M.G.A.
32826201;60;;5524906. BODYCOTE
32831387;30;;5525545. M.G.A.
32831387;70;5052451466/10;5525545. M.G.A.
32832405;30;;5525545. M.G.A.
32832405;70;5052451466/20;5525545. M.G.A.
32832391;80;;5524906. BODYCOTE
32835318;50;5052390028/10;5524899. S 3 W STELLITAGE
32836367;40;5052384286/20;5536973. MECAMUT
32835733;40;;5525545. M.G.A.
32835734;40;;5525545. M.G.A.
32835735;40;;5525545. M.G.A.
32835737;40;;5525545. M.G.A.
32837274;40;;5525545. M.G.A.
32837274;70;;5525545. M.G.A.
32839751;40;;5525849. EUROTEC - CENTRE
32839758;40;;5525545. M.G.A.
32842341;50;5052404448/30;5525545. M.G.A.
32842342;40;;5525545. M.G.A.
32842349;40;5052424704/130;5525545. M.G.A.
32843640;40;5052415327/10;5525100. SENIOR CALORSTAT SAS
32843643;50;;5525556. METAFORM SARL
32844757;50;5052435063/40;5525545. M.G.A.
32844758;50;5052435063/80;5525545. M.G.A.
32845900;40;5052392904/30;5525545. M.G.A.
32845901;40;5052392904/40;5525545. M.G.A.
32845903;50;5052435063/20;5525545. M.G.A.
32845904;40;5052435063/100;5525545. M.G.A.
32845905;50;5052435063/50;5525545. M.G.A.
32847281;90;;5525157. CHROMATLANTIQUE INDUSTRIEL
32851620;50;5052424704/220;5525545. M.G.A.
32854422;50;5052424704/200;5525545. M.G.A.
32854425;40;5052424704/140;5525545. M.G.A.
32854426;50;;5525545. M.G.A.
32854703;60;5052435044/70;5524906. BODYCOTE
32854703;80;;5524937. A2M INDUSTRIE
32854964;40;5052430961/20;5525074. C.M.B.A.
32855628;70;;5525157. CHROMATLANTIQUE INDUSTRIEL
32855634;30;5052400719/10;5525701. SAIMAP - VIENNOT SAS
32858263;730;;5525628. OTECMI
32860794;50;5052424704/120;5525545. M.G.A.
32860795;45;5052404484/20;5525545. M.G.A.
32861056;130;;5535384. CHIMIMECA
32861057;130;;5535384. CHIMIMECA
32861058;130;;5535384. CHIMIMECA
32861281;40;5052404512/10;5525842. TDN
32862017;130;5052419794/10;5533423. ENTREPRISE PHILIPPE LASSARAT SA
32862566;24;5052435063/10;5525545. M.G.A.
32862570;40;;5525849. EUROTEC - CENTRE
32862690;50;5052440861/130;5525545. M.G.A.
32864098;35;;5524416. MPO
32864098;40;5052390612/50;5524416. MPO
32865066;140;;5525857. SAS TMN SURFACE
32865066;152;;5530045. TMN THERMIQUE
32867816;40;5052411406/20;5524416. MPO
32868224;140;;5525157. CHROMATLANTIQUE INDUSTRIEL
32868924;50;5052435063/70;5525545. M.G.A.
32868925;45;5052404484/30;5525545. M.G.A.
32870080;30;5052435044/50;5524906. BODYCOTE
32870080;45;;5524937. A2M INDUSTRIE
32871285;50;5052395720/10;5529906. MOUROT
32871287;62;;5525556. METAFORM SARL
32872235;70;;5524906. BODYCOTE
32872236;70;;5524906. BODYCOTE
32872237;70;;5524906. BODYCOTE
32872238;70;;5524906. BODYCOTE
32873924;50;;5525545. M.G.A.
32874160;24;;5524906. BODYCOTE
32874160;30;;5524906. BODYCOTE
32874161;24;;5524906. BODYCOTE
32874161;30;;5524906. BODYCOTE
32874162;24;;5524906. BODYCOTE
32874162;30;;5524906. BODYCOTE
32874163;24;;5524906. BODYCOTE
32874163;30;;5524906. BODYCOTE
32875013;40;5052429799/10;5525545. M.G.A.
32876318;40;;5525545. M.G.A.
32884289;50;;5525045. ATELIERS NORMANDS DE PRECISION
32884289;55;5052451531/110;5525545. M.G.A.
32884292;50;5052404448/50;5525545. M.G.A.
32884293;30;5052435063/130;5525545. M.G.A.
32884294;50;5052435063/60;5525545. M.G.A.
32884295;50;5052424704/170;5525545. M.G.A.
32884296;30;5052435063/120;5525545. M.G.A.
32884297;40;5052424704/150;5525545. M.G.A.
32884891;40;5052435044/10;5524906. BODYCOTE
32884891;55;;5524937. A2M INDUSTRIE
32884753;40;;5524906. BODYCOTE
32884753;55;;5524937. A2M INDUSTRIE
32885983;80;;5525628. OTECMI
32885984;80;;5525628. OTECMI
32886395;100;;5525628. OTECMI
32886396;60;5052440310/10;5525628. OTECMI
32886397;80;;5525157. CHROMATLANTIQUE INDUSTRIEL
32886399;40;;5525838. TECHMA
32887393;10;5052435724/20;5525838. TECHMA
32888297;30;;5525556. METAFORM SARL
32888298;30;;5525556. METAFORM SARL
32888788;30;;5525556. METAFORM SARL
32888789;30;;5525556. METAFORM SARL
32888791;30;;5525556. METAFORM SARL
32888793;30;;5525556. METAFORM SARL
32889140;170;5052339231/30;5525069. BERNARD CONTROLS SA
32891219;50;5052259947/83;5524895. ASCO NUMATICS
32891280;50;5052259947/73;5524895. ASCO NUMATICS
32891281;50;5052259947/63;5524895. ASCO NUMATICS
32891282;50;5052259947/53;5524895. ASCO NUMATICS
32893932;50;5052413364/20;5525074. C.M.B.A.
32893934;40;;5516063. HEUTE + COMP
32893938;60;5052440310/20;5525628. OTECMI
32894240;130;;5535384. CHIMIMECA
32894241;130;;5535384. CHIMIMECA
32894243;130;;5535384. CHIMIMECA
32894246;50;5052421509/10;5525922. WITZENMANN FRANCE SARL
32894011;70;;5524416. MPO
32895635;50;5052392897/10;5525545. M.G.A.
32898214;70;;5525628. OTECMI
32899817;730;;5525628. OTECMI
32899880;40;5052437516/30;5524416. MPO
32900788;40;;5525116. APAEI DU BOCAGE VIROIS ET DE LA SUI
32902001;50;5052392897/20;5525545. M.G.A.
32902006;40;;5516063. HEUTE + COMP
32902007;40;5052395797/10;5525701. SAIMAP - VIENNOT SAS
32903819;51;5052413678/20;5536973. MECAMUT
32903985;30;;7719048. MTS SOLUTIONS SRL
32903985;80;;5525628. OTECMI
32907984;40;;5525808. SOCIETE NOUVELLE SMB
32907985;40;;5525808. SOCIETE NOUVELLE SMB
32906070;40;5052397576/11;5516063. HEUTE + COMP
32908996;730;;5535384. CHIMIMECA
32908997;730;;5535384. CHIMIMECA
32908998;730;;5535384. CHIMIMECA
32908999;730;;5535384. CHIMIMECA
32910658;30;5052450977/10;5525701. SAIMAP - VIENNOT SAS
32910846;730;;5535384. CHIMIMECA
32910847;730;;5535384. CHIMIMECA
32910848;730;;5535384. CHIMIMECA
32910849;730;;5535384. CHIMIMECA
32912129;80;;5525857. SAS TMN SURFACE
32912129;100;;5530045. TMN THERMIQUE
32913202;50;5052259947/93;5524895. ASCO NUMATICS
32913211;50;5052435044/20;5524906. BODYCOTE
32913211;65;;5524937. A2M INDUSTRIE
32913212;50;5052435044/30;5524906. BODYCOTE
32913212;65;;5524937. A2M INDUSTRIE
32913807;70;;5525556. METAFORM SARL
32914259;42;;5525556. METAFORM SARL
32914340;42;;5525556. METAFORM SARL
32914341;42;;5525556. METAFORM SARL
32914342;42;;5525556. METAFORM SARL
32914953;40;;5525545. M.G.A.
32914953;70;;5527605. AUTOLUBRIFICATION PRODUITS SYNTHESE
32915273;50;;5529906. MOUROT
32915033;50;;5525628. OTECMI
32916774;50;;5524906. BODYCOTE
32916774;110;;5525157. CHROMATLANTIQUE INDUSTRIEL
32917108;180;;5525157. CHROMATLANTIQUE INDUSTRIEL
32917109;180;;5525157. CHROMATLANTIQUE INDUSTRIEL
32917626;32;;5530045. TMN THERMIQUE
32917626;35;;5525857. SAS TMN SURFACE
32917626;80;5052443274/10;5525857. SAS TMN SURFACE
32917632;180;;5525157. CHROMATLANTIQUE INDUSTRIEL
32917634;180;;5525157. CHROMATLANTIQUE INDUSTRIEL
32917637;107;;5525157. CHROMATLANTIQUE INDUSTRIEL
32917638;107;;5525157. CHROMATLANTIQUE INDUSTRIEL
32917639;107;;5525157. CHROMATLANTIQUE INDUSTRIEL
32917640;107;;5525157. CHROMATLANTIQUE INDUSTRIEL
32919963;90;;5535384. CHIMIMECA
32919964;90;;5535384. CHIMIMECA
32921027;70;;5530736. TRAITEMENTS DE SURFACE ET MECANIQUE
32923061;50;;5525455. LABELLE TRAITEMENT DE SURFACE SA
32923229;40;;5516063. HEUTE + COMP
32923461;330;;5530045. TMN THERMIQUE
32923461;730;;5525628. OTECMI
32923463;330;;5530045. TMN THERMIQUE
32923463;730;;5525628. OTECMI
32926128;50;5052411449/20;5529906. MOUROT
32925812;100;5052435744/10;7711559. ACUREN INSPECTION INC
32927361;40;5052404448/110;5525545. M.G.A.
32927523;50;5052440278/10;5529906. MOUROT
32927761;40;;5525545. M.G.A.
32927762;40;;5525545. M.G.A.
32927835;40;5052429799/20;5525545. M.G.A.
32931448;30;;5525556. METAFORM SARL
32931970;20;;5525539. M.P.I. SARL
32931970;40;5052448993/10;5525545. M.G.A.
32936807;51;;5525545. M.G.A.
32937148;60;5052435044/60;5524906. BODYCOTE
32937148;80;;5524937. A2M INDUSTRIE
32939402;50;5052442115/10;5529906. MOUROT
32939575;50;;5525545. M.G.A.
32941764;60;;5530045. TMN THERMIQUE
32941764;90;;5525857. SAS TMN SURFACE
32941764;110;;5530045. TMN THERMIQUE
32941766;40;;5525545. M.G.A.
32942147;60;;5524734. STI SRL
32943554;60;5052429799/30;5525545. M.G.A.
32943625;30;;5525808. SOCIETE NOUVELLE SMB
32943625;60;;5527605. AUTOLUBRIFICATION PRODUITS SYNTHESE
32943626;40;;5525545. M.G.A.
32943626;70;;5527605. AUTOLUBRIFICATION PRODUITS SYNTHESE
32944718;40;5052446117/10;5525233. CMGM
32945316;60;5052429799/40;5525545. M.G.A.
32945544;60;5052440861/20;5525545. M.G.A.
32945547;50;5052411441/10;5525849. EUROTEC - CENTRE
32946652;30;5052442057/10;5516063. HEUTE + COMP
32947960;80;;5525857. SAS TMN SURFACE
32947960;100;;5530045. TMN THERMIQUE
32947961;80;;5525857. SAS TMN SURFACE
32947961;100;;5530045. TMN THERMIQUE
32947962;80;;5525857. SAS TMN SURFACE
32947962;100;;5530045. TMN THERMIQUE
32947963;80;;5525857. SAS TMN SURFACE
32947963;100;;5530045. TMN THERMIQUE
32947964;80;;5525857. SAS TMN SURFACE
32947964;100;;5530045. TMN THERMIQUE
32947965;80;;5525857. SAS TMN SURFACE
32947965;100;;5530045. TMN THERMIQUE
32947966;80;;5525857. SAS TMN SURFACE
32947966;100;;5530045. TMN THERMIQUE
32947967;80;;5525857. SAS TMN SURFACE
32947967;100;;5530045. TMN THERMIQUE
32948328;24;;5525455. LABELLE TRAITEMENT DE SURFACE SA
32948233;40;;5525116. APAEI DU BOCAGE VIROIS ET DE LA SUI
32948808;730;;5535384. CHIMIMECA
32948809;730;;5535384. CHIMIMECA
32948810;730;;5535384. CHIMIMECA
32948811;730;;5535384. CHIMIMECA
32948812;730;;5535384. CHIMIMECA
32948813;730;;5535384. CHIMIMECA
32948814;730;;5535384. CHIMIMECA
32948815;730;;5535384. CHIMIMECA
32948816;730;;5535384. CHIMIMECA
32948817;730;;5535384. CHIMIMECA
32948332;60;5052413717/20;5525545. M.G.A.
32948333;60;5052413717/30;5525545. M.G.A.
32948334;60;5052413717/40;5525545. M.G.A.
32949584;40;;5525808. SOCIETE NOUVELLE SMB
32949584;70;;5524906. BODYCOTE
32949821;70;;5525628. OTECMI
32949823;50;5052413689/10;5524899. S 3 W STELLITAGE
32951356;40;;5525838. TECHMA
32951356;80;;5525628. OTECMI
32951357;40;;5525838. TECHMA
32951357;80;;5525628. OTECMI
32953456;40;;5524904. L'UNION DES FORGERONS
32956280;50;5052413717/10;5525545. M.G.A.
32958079;190;5052293210/20;5530973. SERIC TECHNOLOGIE
32958272;50;5052411448/20;5536973. MECAMUT
32958273;50;5052411448/10;5536973. MECAMUT
32958274;60;5052429799/50;5525545. M.G.A.
32958275;60;5052429799/60;5525545. M.G.A.
32958301;190;5052293210/30;5530973. SERIC TECHNOLOGIE
32958755;50;5052411447/10;5525545. M.G.A.
32960080;50;5052413674/10;5525199. AMG SARL
32961479;60;;5525157. CHROMATLANTIQUE INDUSTRIEL
32963780;55;;5525842. TDN
32963780;110;5052450798/10;5525857. SAS TMN SURFACE
32963780;130;;5530045. TMN THERMIQUE
32962676;50;5052413677/10;5530844. ISO MECANIQUE
32962677;40;5052413675/10;5525233. CMGM
32964226;40;5052413364/10;5525074. C.M.B.A.
32964963;50;5052413678/10;5536973. MECAMUT
32964969;130;;5525628. OTECMI
32969085;30;;5525556. METAFORM SARL
32969829;40;;5524897. MPO
32969970;40;5052422328/10;5516063. HEUTE + COMP
32969971;40;5052422327/10;5516063. HEUTE + COMP
32970645;50;;5525455. LABELLE TRAITEMENT DE SURFACE SA
32971455;50;;5525455. LABELLE TRAITEMENT DE SURFACE SA
32971726;50;5052449735/20;5530844. ISO MECANIQUE
32975764;100;;5525628. OTECMI
32976008;36;5052442102/20;5524906. BODYCOTE
32977740;90;;5525628. OTECMI
32977854;50;;5525849. EUROTEC - CENTRE
32978572;30;5052450982/10;5516063. HEUTE + COMP
32981542;70;5052451560/10;5529906. MOUROT
32981544;82;;5530736. TRAITEMENTS DE SURFACE ET MECANIQUE
32981557;120;;5525857. SAS TMN SURFACE
32982573;40;5052424616/10;5525545. M.G.A.
32983489;60;5052425779/20;5529906. MOUROT
32983490;60;5052425779/10;5529906. MOUROT
32983591;60;5052440861/90;5525545. M.G.A.
32983592;60;5052440861/100;5525545. M.G.A.
32983593;60;5052440861/30;5525545. M.G.A.
32983594;60;5052440861/40;5525545. M.G.A.
32983595;60;5052440861/50;5525545. M.G.A.
32983596;60;;5525545. M.G.A.
32983867;60;5052440861/60;5525545. M.G.A.
32983868;60;5052440861/70;5525545. M.G.A.
32983869;60;5052440861/80;5525545. M.G.A.
32983870;60;;5525545. M.G.A.
32983871;60;;5525545. M.G.A.
32984722;40;5052435727/20;5525545. M.G.A.
32987080;40;5052419837/10;5525074. C.M.B.A.
32988722;40;5052424704/210;5525545. M.G.A.
32988723;50;5052426845/20;5536973. MECAMUT
32991906;40;5052444079/10;5516063. HEUTE + COMP
32992575;40;;5525545. M.G.A.
32993261;40;5052444036/10;5525842. TDN
32993310;40;;5524416. MPO
32993936;55;;5536973. MECAMUT
32994293;30;;5525475. LEMOINE DANIEL-OUTILLAGE PRECISION
32994293;40;;5525808. SOCIETE NOUVELLE SMB
32994293;70;;5525808. SOCIETE NOUVELLE SMB
32994272;30;;5525556. METAFORM SARL
32995140;20;;5525539. M.P.I. SARL
32995140;40;5052448993/20;5525545. M.G.A.
32995098;110;;5525680. RECTIMETO
32995334;51;;5525545. M.G.A.
32995723;50;5052427062/20;5525849. EUROTEC - CENTRE
32995724;50;5052435063/30;5525545. M.G.A.
32996865;50;;5525455. LABELLE TRAITEMENT DE SURFACE SA
32996869;40;5052435722/10;5525740. SEPAC SARL
32996873;40;;5525455. LABELLE TRAITEMENT DE SURFACE SA
32997395;180;;5525157. CHROMATLANTIQUE INDUSTRIEL
32997397;180;;5525157. CHROMATLANTIQUE INDUSTRIEL
32997399;180;;5525157. CHROMATLANTIQUE INDUSTRIEL
32997521;180;;5525157. CHROMATLANTIQUE INDUSTRIEL
32997851;130;;5525628. OTECMI
32998238;60;;5524906. BODYCOTE
32998238;100;;5530736. TRAITEMENTS DE SURFACE ET MECANIQUE
32998827;20;;5524906. BODYCOTE
32998827;80;5052449674/10;5524906. BODYCOTE
33000334;40;;5529906. MOUROT
33001776;40;5052445473/10;5524416. MPO
33004095;90;5052452097/10;5525857. SAS TMN SURFACE
33004095;110;;5530045. TMN THERMIQUE
33004643;50;;5525074. C.M.B.A.
33006341;50;5052446199/10;5525811. SMEP INDUSTRIES
33006344;40;5052427061/10;5524893. ARMECATE
33008201;20;;5525539. M.P.I. SARL
33008201;40;;5525545. M.G.A.
33008007;40;5052435063/140;5525545. M.G.A.
33008008;40;5052435063/150;5525545. M.G.A.
33008009;40;5052435063/160;5525545. M.G.A.
33008010;40;5052435063/170;5525545. M.G.A.
33008011;40;5052435063/180;5525545. M.G.A.
33008012;40;5052435063/90;5525545. M.G.A.
33008013;50;5052435063/110;5525545. M.G.A.
33008014;50;;5529906. MOUROT
33008419;40;5052430961/30;5525074. C.M.B.A.
33008901;50;;5524036. SIAC STRUMENTAZIONI SPA
33008903;40;5052444088/10;5516063. HEUTE + COMP
33008904;40;;5525740. SEPAC SARL
33010185;50;;5525884. USIMECAEN
33010188;50;;5524906. BODYCOTE
33010188;110;;5530736. TRAITEMENTS DE SURFACE ET MECANIQUE
33010340;50;;5530736. TRAITEMENTS DE SURFACE ET MECANIQUE
33010342;80;;5530736. TRAITEMENTS DE SURFACE ET MECANIQUE
33010651;130;;5525157. CHROMATLANTIQUE INDUSTRIEL
33012570;50;5052440848/20;5530844. ISO MECANIQUE
33012104;40;;5524899. S 3 W STELLITAGE
33013367;40;5052432842/20;5524416. MPO
33014286;80;;5524906. BODYCOTE
33014286;140;;5525628. OTECMI
33014287;80;;5524906. BODYCOTE
33014287;140;;5525628. OTECMI
33014653;40;5052432869/10;5524036. SIAC STRUMENTAZIONI SPA
33014658;60;;5525922. WITZENMANN FRANCE SARL
33015620;40;;5525116. APAEI DU BOCAGE VIROIS ET DE LA SUI
33015624;40;5052432869/20;5524036. SIAC STRUMENTAZIONI SPA
33015858;40;;5525074. C.M.B.A.
33015927;63;;5527605. AUTOLUBRIFICATION PRODUITS SYNTHESE
33018588;30;5052450984/10;5516063. HEUTE + COMP
33020214;30;5052437516/50;5524416. MPO
33020365;40;;5516063. HEUTE + COMP
33020365;70;;5525701. SAIMAP - VIENNOT SAS
33021298;40;;5525556. METAFORM SARL
33021299;40;;5525556. METAFORM SARL
33021498;132;;5524906. BODYCOTE
33021759;40;;5524036. SIAC STRUMENTAZIONI SPA
33022172;50;;5530736. TRAITEMENTS DE SURFACE ET MECANIQUE
33022173;50;;5530736. TRAITEMENTS DE SURFACE ET MECANIQUE
33022176;90;;5530736. TRAITEMENTS DE SURFACE ET MECANIQUE
33022178;64;;5525628. OTECMI
33022179;64;;5525628. OTECMI
33022298;74;;5525406. INSTITUT DE SOUDURE INDUSTRIE
33023665;50;;5529906. MOUROT
33023949;50;5052440848/10;5530844. ISO MECANIQUE
33023637;55;5052451531/100;5525545. M.G.A.
33024107;50;;5525455. LABELLE TRAITEMENT DE SURFACE SA
33025215;60;;5524416. MPO
33025529;90;5052452032/10;5525406. INSTITUT DE SOUDURE INDUSTRIE
33025531;10;5052435724/10;5525838. TECHMA
33025975;70;5052446202/10;5530736. TRAITEMENTS DE SURFACE ET MECANIQUE
33028090;40;;5525628. OTECMI
33028304;12;5052443477/60;5525628. OTECMI
33028308;12;5052443477/30;5525628. OTECMI
33028311;12;5052443477/40;5525628. OTECMI
33028317;12;5052443477/50;5525628. OTECMI
33028321;12;;5525628. OTECMI
33029633;113;;5525857. SAS TMN SURFACE
33029634;50;;5524888. ARMOR MECA
33029990;50;5052442102/10;5524906. BODYCOTE
33030314;40;;5525556. METAFORM SARL
33030315;40;;5525556. METAFORM SARL
33030316;40;;5525556. METAFORM SARL
33030970;70;5052446197/10;5525857. SAS TMN SURFACE
33031334;30;5052444803/10;5525545. M.G.A.
33031334;70;;5525545. M.G.A.
33031976;60;;5524906. BODYCOTE
33033462;40;;5525545. M.G.A.
33033536;40;5052440861/10;5525545. M.G.A.
33033537;55;5052446189/10;5536973. MECAMUT
33034579;30;;5525556. METAFORM SARL
33034830;40;5052436810/20;5525545. M.G.A.
33036280;50;5052437553/20;5525199. AMG SARL
33036282;50;5052437553/10;5525199. AMG SARL
33037088;40;;5516063. HEUTE + COMP
33037090;40;;5516063. HEUTE + COMP
33037428;50;5052435727/10;5525545. M.G.A.
33037538;50;;5524036. SIAC STRUMENTAZIONI SPA
33038496;70;;5525545. M.G.A.
33039158;40;5052437516/10;5524416. MPO
33039159;40;5052446193/20;5525074. C.M.B.A.
33039670;40;;5525116. APAEI DU BOCAGE VIROIS ET DE LA SUI
33042435;40;5052442098/20;5525116. APAEI DU BOCAGE VIROIS ET DE LA SUI
33042592;30;5052436795/30;5531962. NEWTESOL S.L.
33043113;50;;5525849. EUROTEC - CENTRE
33043198;122;5052450975/10;5525628. OTECMI
33043199;40;;5525539. M.P.I. SARL
33043826;10;5052440891/10;5525838. TECHMA
33043827;10;5052440891/20;5525838. TECHMA
33044204;40;;5525556. METAFORM SARL
33044205;40;;5525556. METAFORM SARL
33044486;45;5052446189/40;5536973. MECAMUT
33045402;42;;5525628. OTECMI
33045405;40;;5525556. METAFORM SARL
33045548;60;;5527605. AUTOLUBRIFICATION PRODUITS SYNTHESE
33046158;10;;5525545. M.G.A.
33046595;40;;5525100. SENIOR CALORSTAT SAS
33047097;50;;5525455. LABELLE TRAITEMENT DE SURFACE SA
33047097;60;;5525556. METAFORM SARL
33046738;180;;5525157. CHROMATLANTIQUE INDUSTRIEL
33048539;40;5052440809/10;5524416. MPO
33048412;30;;5525556. METAFORM SARL
33048413;30;;5525556. METAFORM SARL
33048414;30;;5525556. METAFORM SARL
33048415;30;;5525556. METAFORM SARL
33049667;40;;5525884. USIMECAEN
33049654;40;5052448080/10;5525880. U.M.A. USINAGE - MECANIQUE DEL'AISN
33050549;30;;5525556. METAFORM SARL
33050552;30;;5525556. METAFORM SARL
33050555;30;;5525556. METAFORM SARL
33050645;60;;5525155. CHIMIDEROUIL BELGIUM SA
33050645;70;;5535384. CHIMIMECA
33051342;122;5052443477/70;5525628. OTECMI
33051343;122;5052443477/10;5525628. OTECMI
33051344;122;5052443477/20;5525628. OTECMI
33051346;122;;5525628. OTECMI
33051753;30;5052445594/10;5525701. SAIMAP - VIENNOT SAS
33052307;50;5052442096/10;5525199. AMG SARL
33052310;30;;5525556. METAFORM SARL
33052313;50;;5530736. TRAITEMENTS DE SURFACE ET MECANIQUE
33052314;70;;5530736. TRAITEMENTS DE SURFACE ET MECANIQUE
33052315;60;;5530736. TRAITEMENTS DE SURFACE ET MECANIQUE
33052820;40;;5525545. M.G.A.
33052821;40;;5525545. M.G.A.
33054507;30;;5525556. METAFORM SARL
33054660;40;;5525539. M.P.I. SARL
33055257;9;;5524416. MPO
33056174;42;;5525628. OTECMI
33056310;30;5052436795/40;5531962. NEWTESOL S.L.
33056436;50;5052442132/10;5524899. S 3 W STELLITAGE
33055987;10;5052446204/10;5525838. TECHMA
33055989;40;5052445593/10;5525701. SAIMAP - VIENNOT SAS
33055990;40;5052445591/10;5516063. HEUTE + COMP
33056438;122;5052450975/20;5525628. OTECMI
33057053;30;;5524893. ARMECATE
33057486;55;5052442106/40;5536973. MECAMUT
33057544;70;;5530736. TRAITEMENTS DE SURFACE ET MECANIQUE
33057503;15;;5525475. LEMOINE DANIEL-OUTILLAGE PRECISION
33057817;50;5052443429/90;5524197. RABWIN INDUSTRIES PRIVATE LIMITED
33057818;50;5052442106/10;5536973. MECAMUT
33058164;40;;5525838. TECHMA
33058862;10;;5525545. M.G.A.
33058976;30;;5525556. METAFORM SARL
33058977;30;;5525556. METAFORM SARL
33060072;70;;5525157. CHROMATLANTIQUE INDUSTRIEL
33060073;70;;5525157. CHROMATLANTIQUE INDUSTRIEL
33061022;10;;5524897. MPO
33061022;20;5052445473/20;5524416. MPO
33061353;40;5052449021/30;5524416. MPO
33063722;40;;5525233. CMGM
33063873;30;;5524906. BODYCOTE
33063873;45;;5524937. A2M INDUSTRIE
33063874;40;5052451531/30;5525545. M.G.A.
33063875;40;5052451531/20;5525545. M.G.A.
33063876;40;5052451531/40;5525545. M.G.A.
33063877;50;;5525884. USIMECAEN
33063878;55;5052446189/20;5536973. MECAMUT
33063879;50;;5525045. ATELIERS NORMANDS DE PRECISION
33063940;50;5052451531/70;5525545. M.G.A.
33063941;50;5052446193/10;5525074. C.M.B.A.
33063945;30;;5524906. BODYCOTE
33063945;45;;5524937. A2M INDUSTRIE
33063949;60;;5530736. TRAITEMENTS DE SURFACE ET MECANIQUE
33065302;90;;5535384. CHIMIMECA
33065303;90;;5535384. CHIMIMECA
33065329;60;;5525799. SOPI
33065845;50;;5525857. SAS TMN SURFACE
33065949;70;;5530736. TRAITEMENTS DE SURFACE ET MECANIQUE
33065955;70;;5529906. MOUROT
33066268;50;;5525455. LABELLE TRAITEMENT DE SURFACE SA
33066475;50;;5536973. MECAMUT
33066563;32;;5527605. AUTOLUBRIFICATION PRODUITS SYNTHESE
33067073;50;;5524906. BODYCOTE
33067076;50;;5525857. SAS TMN SURFACE
33067077;50;;5529906. MOUROT
33067078;50;;5529906. MOUROT
33067079;50;;5529906. MOUROT
33067640;50;;5529906. MOUROT
33067759;33;5052446194/20;5525628. OTECMI
33068816;40;5052449021/20;5524416. MPO
33068817;50;;5525849. EUROTEC - CENTRE
33068818;50;;5524906. BODYCOTE
33070096;120;;5525628. OTECMI
33070229;15;;5525475. LEMOINE DANIEL-OUTILLAGE PRECISION
33070230;15;;5525475. LEMOINE DANIEL-OUTILLAGE PRECISION
33070231;15;;5525475. LEMOINE DANIEL-OUTILLAGE PRECISION
33070232;15;;5525475. LEMOINE DANIEL-OUTILLAGE PRECISION
33071923;90;;5535384. CHIMIMECA
33071924;90;;5535384. CHIMIMECA
33071925;90;;5535384. CHIMIMECA
33071926;90;;5535384. CHIMIMECA
33071927;90;;5535384. CHIMIMECA
33071948;30;;5525556. METAFORM SARL
33071949;30;;5525556. METAFORM SARL
33071982;90;;5525628. OTECMI
33071985;40;;5525116. APAEI DU BOCAGE VIROIS ET DE LA SUI
33071817;50;;5525849. EUROTEC - CENTRE
33071818;50;5052451531/50;5525545. M.G.A.
33072061;50;5052451531/60;5525545. M.G.A.
33072064;90;;5524906. BODYCOTE
33072065;90;;5524906. BODYCOTE
33072066;90;;5524906. BODYCOTE
33072067;90;;5524906. BODYCOTE
33072068;90;;5524906. BODYCOTE
33072071;40;5052449078/10;5516063. HEUTE + COMP
33072072;70;;5525857. SAS TMN SURFACE
33073522;10;;5525545. M.G.A.
33073526;50;5052449735/10;5530844. ISO MECANIQUE
33073528;50;;5524899. S 3 W STELLITAGE
33073576;40;;5525545. M.G.A.
33073578;82;;5524898. MANOIR PITRES
33072579;140;;5525799. SOPI
33074305;90;;5524906. BODYCOTE
33074307;90;;5524906. BODYCOTE
33074308;90;;5524906. BODYCOTE
33074309;90;;5524906. BODYCOTE
33074382;20;;5525539. M.P.I. SARL
33074382;40;;5525545. M.G.A.
33075164;50;;5525545. M.G.A.
33075165;10;;5524416. MPO
33075165;40;;5524897. MPO
33075167;40;5052449021/10;5524416. MPO
33075169;40;;5525857. SAS TMN SURFACE
33075170;40;;5525116. APAEI DU BOCAGE VIROIS ET DE LA SUI
33075585;50;;5525884. USIMECAEN
33075587;40;5052450278/10;5516063. HEUTE + COMP
33075588;40;5052450279/10;5516063. HEUTE + COMP
33077084;50;;5525545. M.G.A.
33077085;30;;5525701. SAIMAP - VIENNOT SAS
33079254;50;;5525545. M.G.A.
33079304;50;;5524906. BODYCOTE
33079311;30;;5525455. LABELLE TRAITEMENT DE SURFACE SA
33079312;30;;5524906. BODYCOTE
33079312;45;;5524937. A2M INDUSTRIE
33079532;40;;5516063. HEUTE + COMP
33082002;40;;5536150. TALLERES MECANICOS ARRI S COOP
33082919;100;;5524906. BODYCOTE
33083200;100;;5524906. BODYCOTE
33083811;40;;5525539. M.P.I. SARL
33083625;40;;5525628. OTECMI
33083626;40;;5525628. OTECMI
33083817;60;;5524734. STI SRL
33083989;122;;5525628. OTECMI
33083999;23;;5525628. OTECMI
33085626;60;;5524906. BODYCOTE
33085626;120;;5530736. TRAITEMENTS DE SURFACE ET MECANIQUE
33085627;60;;5525857. SAS TMN SURFACE
33084877;50;;5530736. TRAITEMENTS DE SURFACE ET MECANIQUE
33086980;40;;5525545. M.G.A.
33086981;40;;5525545. M.G.A.
33086324;65;;5525406. INSTITUT DE SOUDURE INDUSTRIE
33086488;70;;5530736. TRAITEMENTS DE SURFACE ET MECANIQUE
33087064;20;;5525539. M.P.I. SARL
33087064;40;;5525545. M.G.A.
33087123;40;;5524416. MPO
33087151;50;;5530736. TRAITEMENTS DE SURFACE ET MECANIQUE
33087681;50;;5524906. BODYCOTE
33087682;40;;5537196. APPLICATIONS RECHARGEMENTS TECHNIQU
33088208;23;;5525628. OTECMI
33094204;50;;5524906. BODYCOTE
33094204;90;;5530736. TRAITEMENTS DE SURFACE ET MECANIQUE
33094209;50;;5525045. ATELIERS NORMANDS DE PRECISION
33094211;50;;5530736. TRAITEMENTS DE SURFACE ET MECANIQUE
33094212;40;;5524416. MPO
33094213;80;;5525628. OTECMI
33094214;10;;5525838. TECHMA
33094215;60;;5530736. TRAITEMENTS DE SURFACE ET MECANIQUE
33094218;40;;5525740. SEPAC SARL
33094230;30;;5525556. METAFORM SARL
33094231;30;;5525556. METAFORM SARL
33094362;30;;5525701. SAIMAP - VIENNOT SAS
33094219;50;;5530736. TRAITEMENTS DE SURFACE ET MECANIQUE
33094840;60;;5524906. BODYCOTE
33094841;60;;5524906. BODYCOTE
33094924;60;;5525628. OTECMI
33094933;50;;5525545. M.G.A.
33095053;30;;5525556. METAFORM SARL
33094158;30;;5525556. METAFORM SARL
33096942;50;;5525233. CMGM
33097012;70;;5525628. OTECMI
33096509;30;;5525556. METAFORM SARL
