MAT;AGE;AGEGRP;DAYSLEFT;ISNUC;HASOISL;HASPLNORD
000005581-163H0000;19.0;< 4 weeks;0;N;;
000038242-002-0000;4.0;< 1 week;0;N;;
000042122-130A0000;3.0;< 1 week;30.0;N;;
000051741-820-0000;0.0;< 1 week;0;N;;
000303205-030C1063;5.0;< 1 week;0;N;Y;
001247552-178A1552;0.0;< 1 week;30.0;N;;
001247600-059A1552;2.0;< 1 week;0;N;;
001247617-21831552;3.0;< 1 week;14.0;N;;
001904646-827-0000;19.0;< 4 weeks;14.0;N;;Y
005675809-43170000;2.0;< 1 week;0;N;;
005675809-43180000;2.0;< 1 week;0;N;;
005675811-920-0000;5.0;< 1 week;0;N;;
009291550-826-0000;2.0;< 1 week;93.0;N;;Y
009291551-826-0000;3.0;< 1 week;51.0;N;;Y
010110092-567-0000;2.0;< 1 week;0;N;;
010299002-105A0000;3.0;< 1 week;27.0;N;;
010864011-002A0000;0.0;< 1 week;80.0;N;;Y
010864013-163H0000;7.0;< 1 week;103.0;N;;Y
010867074-320-0000;4.0;< 1 week;0;N;;Y
011498298-163TE945;4.0;< 1 week;59.0;N;;
011499684-826-0000;4.0;< 1 week;91.0;N;;
011499686-826-0000;3.0;< 1 week;62.0;N;;Y
011499687-826-0000;0.0;< 1 week;76.0;N;;Y
011508508-24471063;3.0;< 1 week;0;N;;
011508586-24471063;3.0;< 1 week;0;N;;
011508743-958-0000;2.0;< 1 week;14.0;N;;
011508746-529-0000;3.0;< 1 week;14.0;N;;
011509348-956-0000;2.0;< 1 week;14.0;N;;
011532527-208-0000;2.0;< 1 week;53.0;N;;
011532788-208-0000;2.0;< 1 week;0;N;;
020000DZ2-3001NI06;7.0;< 1 week;61.0;Y;Y;
021000161-104BC749;3.0;< 1 week;0;N;;
021000180-104B1063;2.0;< 1 week;0;N;;
021000184-104B1063;2.0;< 1 week;0;N;;
021000365-163H0000;3.0;< 1 week;0;N;;
021000366-596-0000;2.0;< 1 week;0;N;;
021000391-596-0000;0.0;< 1 week;63.0;N;;
021000411-163H0000;2.0;< 1 week;0;N;;
021003032-104B1063;2.0;< 1 week;0;N;;
021004043-162ME116;4.0;< 1 week;14.0;N;;
030000DZ2-3001NI06;10.0;< 2 weeks;39.0;Y;Y;
035000002-163M1063;14.0;< 2 weeks;0;N;;
035000DZ2-2806ND77;7.0;< 1 week;0;Y;;
035006330-779-0000;14.0;< 2 weeks;140.0;N;;Y
037010008-104BE274;6.0;< 1 week;0;N;;
040001451-163H0000;2.0;< 1 week;0;N;;
055200590-779-0000;4.0;< 1 week;7.0;N;;
055201922-999-5213;4.0;< 1 week;0;N;;
075000DZ2-163S1063;3.0;< 1 week;0;N;;Y
079006363-940-0000;7.0;< 1 week;6.0;N;;
100000DZB-3001NI06;7.0;< 1 week;55.0;Y;Y;
120000DZB-2660S030;4.0;< 1 week;0;N;;
180000DZB-3054NH53;10.0;< 2 weeks;52.0;Y;;
202501658-680-0000;3.0;< 1 week;62.0;N;;
202501783-163H0000;14.0;< 2 weeks;13.0;N;;
202501848-142-0000;2.0;< 1 week;0;N;;Y
202502551-104-0000;7.0;< 1 week;24.0;N;;
202502805-999-0000;2.0;< 1 week;0;N;;
202503448-999-0000;4.0;< 1 week;132.0;N;;Y
204500014-999-0000;1.0;< 1 week;11.0;N;;
204500441-999-0000;3.0;< 1 week;0;N;;
210000DZB-3001S022;7.0;< 1 week;0;N;;
356154153-826-0000;7.0;< 1 week;55.0;N;;
365817000-163H0000;3.0;< 1 week;59.0;N;;
400068674-177A1552;10.0;< 2 weeks;52.0;N;;
400068959-112-0000;4.0;< 1 week;31.0;N;;
400071397-163H1558;10.0;< 2 weeks;0;N;;
400078992-162H0000;5.0;< 1 week;0;N;;
400080554-213-0000;7.0;< 1 week;48.0;N;;Y
400080554-733A0000;4.0;< 1 week;59.0;N;;
400086605-002-0000;3.0;< 1 week;52.0;N;;
400087446-072A0000;3.0;< 1 week;38.0;N;;
400090955-246A1063;3.0;< 1 week;0;N;;
400095327-28670000;3.0;< 1 week;42.0;N;;
400097728-163H1558;2.0;< 1 week;0;N;;
400098163-567-0000;7.0;< 1 week;0;N;;
400104646-064C0000;3.0;< 1 week;52.0;N;;
400112611-567-0000;7.0;< 1 week;0;N;;
400116520-255-0000;3.0;< 1 week;0;N;;
400117540-104B1063;2.0;< 1 week;38.0;N;;Y
400117657-596-0000;3.0;< 1 week;0;N;;
400117673-215-0000;3.0;< 1 week;57.0;N;;
400117674-193A0000;0.0;< 1 week;64.0;N;;
400117845-537A0000;0.0;< 1 week;24.0;N;;Y
400118192-246A1063;3.0;< 1 week;0;N;;
400118834-173A1552;5.0;< 1 week;28.0;N;;
400119007-163H1558;0.0;< 1 week;57.0;N;;
400119045-193B0000;0.0;< 1 week;162.0;N;;
400119593-826-0000;4.0;< 1 week;103.0;N;;
400119596-826-0000;5.0;< 1 week;368.0;N;;
400119978-104B1063;10.0;< 2 weeks;0;N;;Y
400120255-104B1063;14.0;< 2 weeks;0;N;;
400120259-163M1063;13.0;< 2 weeks;0;N;;
400120589-596-0000;2.0;< 1 week;0;N;;
400120645-193C0000;2.0;< 1 week;14.0;N;;
400120892-066D1552;6.0;< 1 week;57.0;N;;Y
400132880-162H0000;1.0;< 1 week;64.0;N;;Y
400140406-537-0000;4.0;< 1 week;0;N;;
400141466-178A1552;2.0;< 1 week;21.0;N;;
400144491-104B1063;2.0;< 1 week;14.0;N;;
400148410-999A0000;10.0;< 2 weeks;0;N;;
400148788-999-0000;3.0;< 1 week;0;N;;
400150055-2660ND90;3.0;< 1 week;0;Y;;
400150415-2660ND90;3.0;< 1 week;0;Y;;
400151538-193A0000;2.0;< 1 week;14.0;N;;
435003140-567-0000;13.0;< 2 weeks;99.0;N;;Y
435004195-999-0000;1.0;< 1 week;0;N;;
435010181-163H0000;3.0;< 1 week;0;N;;
4606601-PH;5.0;< 1 week;0;N;;
640600865-999-D084;18.0;< 4 weeks;29.0;N;;
700187002-999-0000;0.0;< 1 week;0;N;;Y
700188002-999-0000;0.0;< 1 week;0;N;;
720010081-3100N201;0.0;< 1 week;0;Y;;
720011663-2660ND90;3.0;< 1 week;0;Y;;
720012347-999-0000;1.0;< 1 week;1.0;N;;
720017793-163H0000;2.0;< 1 week;0;N;;
720017801-163H0000;3.0;< 1 week;0;N;;
720017804-163H0000;3.0;< 1 week;0;N;;
720017838-596-0000;3.0;< 1 week;6.0;N;;
720030994-826-0000;3.0;< 1 week;0;N;;
720032184-999A0000;7.0;< 1 week;0;N;;Y
720042944-999-5207;3.0;< 1 week;0;N;;
720046123-279-0000;6.0;< 1 week;0;N;;
720046505-255-0000;6.0;< 1 week;0;N;;
720049638-936-0000;3.0;< 1 week;0;N;Y;
720052343-37740000;4.0;< 1 week;0;N;;
720058590-999-0000;3.0;< 1 week;37.0;N;;
720058603-999-0000;10.0;< 2 weeks;16.0;N;;
720059874-032-0000;3.0;< 1 week;51.0;N;;
720059908-2693N737;3.0;< 1 week;0;Y;;
720059988-2693N739;3.0;< 1 week;10.0;Y;;
720059996-3333N795;3.0;< 1 week;0;Y;;
720060510-2693N737;3.0;< 1 week;0;Y;;
720062576-2693N739;3.0;< 1 week;15.0;Y;;
720062578-025AN767;3.0;< 1 week;15.0;Y;;
720065214-060-NG84;27.0;< 4 weeks;0;Y;;
720066176-999-0000;4.0;< 1 week;114.0;N;;
720067231-999-0000;5.0;< 1 week;8.0;N;;Y
720069161-163H0000;3.0;< 1 week;44.0;N;;
720084731-999-0000;0.0;< 1 week;0;N;;
720084732-999-0000;0.0;< 1 week;0;N;;
720090224-104B1063;2.0;< 1 week;35.0;N;;
720092629-2806ND91;3.0;< 1 week;0;Y;;
720092863-3046ND78;3.0;< 1 week;0;Y;;
720093063-2662ND76;3.0;< 1 week;0;Y;;
720094661-999-0000;7.0;< 1 week;10.0;N;;
721000882-999-0000;4.0;< 1 week;10.0;N;;
721005465-888-0000;12.0;< 2 weeks;0;N;;Y
721010439-002A0000;4.0;< 1 week;70.0;N;Y;Y
721014473-258-0000;3.0;< 1 week;41.0;N;;Y
721015563-596-0000;3.0;< 1 week;0;N;;
721022471-888-0000;3.0;< 1 week;0;N;;
721023468-888-0000;3.0;< 1 week;30.0;N;;
721023527-888-0000;12.0;< 2 weeks;0;N;;Y
721023965-888-0000;3.0;< 1 week;28.0;N;;Y
721024258-258-0000;3.0;< 1 week;0;N;;
721026228-888-0000;4.0;< 1 week;7.0;N;;
721027254-193A0000;10.0;< 2 weeks;27.0;N;;
721053919-104B1063;4.0;< 1 week;50.0;N;;
721054174-230F3445;4.0;< 1 week;0;N;;
721062538-142-0000;4.0;< 1 week;0;N;;
721064818-163ME945;11.0;< 2 weeks;35.0;N;;
721065158-163TE945;4.0;< 1 week;59.0;N;;
721065662-888-0000;1.0;< 1 week;0;N;;
721066324-163TE945;4.0;< 1 week;59.0;N;;
721066580-999-D700;4.0;< 1 week;0;N;;
971004043-279-0000;0.0;< 1 week;31.0;N;;
971159006-109-0000;0.0;< 1 week;300.0;N;;
971511012-035A1552;2.0;< 1 week;0;N;;
971511069-028B1552;3.0;< 1 week;0;N;;
971698049-779-0000;0.0;< 1 week;223.0;N;;
971876009-940-0000;5.0;< 1 week;78.0;N;;
971881114-535-0000;2.0;< 1 week;42.0;N;;
971886006-697-0000;6.0;< 1 week;40.0;N;;Y
971886396-697-0000;3.0;< 1 week;36.0;N;;
978716308-999-C266;2.0;< 1 week;0;N;;
