WO;OP;PO;SUPPLIER
P732181824;0030;;5525556. METAFORM SARL
P732181825;0030;;5525556. METAFORM SARL
P732181826;0030;;5525556. METAFORM SARL
P732181827;0030;;5525556. METAFORM SARL
P734157622;0080;;5530736. TRAITEMENTS DE SURFACE ET MECANIQUE
P737086294;0080;;5530736. TRAITEMENTS DE SURFACE ET MECANIQUE
P738648533;0070;;5530736. TRAITEMENTS DE SURFACE ET MECANIQUE
P741564508;0030;;5525556. METAFORM SARL
P742123523;0050;;5536973. MECAMUT
P742768696;0050;;5525713. S.I.R.E
P743690692;0050;;5530736. TRAITEMENTS DE SURFACE ET MECANIQUE
P744061442;0030;;5530844. ISO MECANIQUE
P744062683;0077;;5538253. METHAL SAS
P744063849;0180;;5525628. OTECMI
P744063850;0180;;5525628. OTECMI
P744063851;0180;;5525628. OTECMI
P744063852;0180;;5525628. OTECMI
P744063868;0030;;5525556. METAFORM SARL
P744063869;0030;;5525556. METAFORM SARL
P744085845;0050;;5525849. EUROTEC - CENTRE
P744091315;0050;;5525455. LABELLE TRAITEMENT DE SURFACE SA
P744091316;0050;;5525455. LABELLE TRAITEMENT DE SURFACE SA
P744112318;0050;;5538253. METHAL SAS
P744112319;0050;;5538253. METHAL SAS
P744120708;0050;;5524906. BODYCOTE
P744120709;0050;;5538253. METHAL SAS
P744127908;0060;;5524906. BODYCOTE
P744127909;0060;;5524906. BODYCOTE
P744127910;0060;;5524906. BODYCOTE
P744127911;0060;;5524906. BODYCOTE
P744206454;0050;;5525857. SAS TMN SURFACE
P744206455;0050;;5525857. SAS TMN SURFACE
P744209142;0060;;5524906. BODYCOTE
P744209188;0050;;5538253. METHAL SAS
P744212497;0050;;5538253. METHAL SAS
P744212498;0050;;5538253. METHAL SAS
P744212499;0050;;5538253. METHAL SAS
P744219183;0050;;5525455. LABELLE TRAITEMENT DE SURFACE SA
P744219184;0050;;5525455. LABELLE TRAITEMENT DE SURFACE SA
P744219624;0060;;5525628. OTECMI
P744220380;0050;;5525455. LABELLE TRAITEMENT DE SURFACE SA
P744220381;0050;;5525455. LABELLE TRAITEMENT DE SURFACE SA
P744221391;0050;;5525455. LABELLE TRAITEMENT DE SURFACE SA
P744221392;0050;;5525455. LABELLE TRAITEMENT DE SURFACE SA
P744221393;0050;;5525455. LABELLE TRAITEMENT DE SURFACE SA
P744230893;0080;;5530736. TRAITEMENTS DE SURFACE ET MECANIQUE
P744234779;0080;;5525628. OTECMI
P744234780;0080;;5525628. OTECMI
P744247607;0050;;5525628. OTECMI
P744247608;0050;;5525628. OTECMI
P744273414;0030;;5525556. METAFORM SARL
P744316521;0050;;5536973. MECAMUT
P744329567;0060;;5525545. M.G.A.
P744329568;0060;;5525545. M.G.A.
P744329587;0050;;5525811. SMEP INDUSTRIES
P744329614;0040;;5525842. SAS TDN
P744345305;0140;;5525799. SOPI
P744348503;0050;;5524906. BODYCOTE
P744374746;0080;;5538253. METHAL SAS
P744476256;0040;;5516063. HEUTE + COMP
P744476257;0040;;5516063. HEUTE + COMP
P744476259;0040;;5516063. HEUTE + COMP
P744476260;0040;;5516063. HEUTE + COMP
P744476261;0040;;5516063. HEUTE + COMP
P744476262;0040;;5516063. HEUTE + COMP
P744476263;0040;;5516063. HEUTE + COMP
P744476264;0040;;5516063. HEUTE + COMP
P744476265;0040;;5516063. HEUTE + COMP
P744476266;0040;;5516063. HEUTE + COMP
P744476267;0040;;5516063. HEUTE + COMP
P744476268;0040;;5516063. HEUTE + COMP
P744476269;0040;;5516063. HEUTE + COMP
P744476270;0040;;5516063. HEUTE + COMP
P744476271;0040;;5516063. HEUTE + COMP
P744476272;0040;;5516063. HEUTE + COMP
P744476582;0070;;5525455. LABELLE TRAITEMENT DE SURFACE SA
P745009406;0060;;5538253. METHAL SAS
P745134987;0030;;5525556. METAFORM SARL
P745676778;0040;;5516063. HEUTE + COMP
P745676779;0040;;5516063. HEUTE + COMP
P745676780;0040;;5516063. HEUTE + COMP
P745676781;0040;;5516063. HEUTE + COMP
P745676782;0040;;5516063. HEUTE + COMP
P745676783;0040;;5516063. HEUTE + COMP
P745676784;0040;;5516063. HEUTE + COMP
P745676785;0040;;5516063. HEUTE + COMP
P745676786;0040;;5516063. HEUTE + COMP
P745676787;0040;;5516063. HEUTE + COMP
P745676788;0040;;5516063. HEUTE + COMP
P745676789;0040;;5516063. HEUTE + COMP
P745723573;0090;;5538253. METHAL SAS
P745723574;0090;;5538253. METHAL SAS
P745723575;0090;;5538253. METHAL SAS
P745723576;0090;;5538253. METHAL SAS
P745723599;0060;;5525857. SAS TMN SURFACE
P745723612;0107;;5525157. CHROMATLANTIQUE INDUSTRIEL
P745723613;0107;;5525157. CHROMATLANTIQUE INDUSTRIEL
P745723614;0107;;5525157. CHROMATLANTIQUE INDUSTRIEL
P745723615;0107;;5525157. CHROMATLANTIQUE INDUSTRIEL
P745723636;0040;;5525545. M.G.A.
P745723637;0040;;5525545. M.G.A.
P745723638;0040;;5525545. M.G.A.
P745723639;0040;;5525545. M.G.A.
P745723662;0080;;5538253. METHAL SAS
P745723663;0080;;5538253. METHAL SAS
P745723670;0040;;5525545. M.G.A.
P745723671;0040;;5525545. M.G.A.
P745723745;0030;;5525556. METAFORM SARL
P746064354;0060;;5524899. S 3 W STELLITAGE
P746064354;0120;;5525857. SAS TMN SURFACE
P746064354;0170;;5530045. TMN THERMIQUE
P746287128;0010;;5524416. MPO
P746287128;0040;;5524897. MPO
P746287129;0010;;5524416. MPO
P746287129;0040;;5524897. MPO
P746287130;0010;;5524416. MPO
P746287130;0040;;5524897. MPO
P746287131;0010;;5524416. MPO
P746287131;0040;;5524897. MPO
P746287132;0010;;5524416. MPO
P746287132;0040;;5524897. MPO
P746287133;0010;;5524416. MPO
P746287133;0040;;5524897. MPO
P746287134;0010;;5524416. MPO
P746287134;0040;;5524897. MPO
P746287135;0010;;5524416. MPO
P746287135;0040;;5524897. MPO
P746287136;0010;;5524416. MPO
P746287136;0040;;5524897. MPO
P746287137;0010;;5524416. MPO
P746287137;0040;;5524897. MPO
P746287138;0010;;5524416. MPO
P746287138;0040;;5524897. MPO
P746287139;0010;;5524416. MPO
P746287139;0040;;5524897. MPO
P746287140;0010;;5524416. MPO
P746287140;0040;;5524897. MPO
P746287141;0010;;5524416. MPO
P746287141;0040;;5524897. MPO
P746287142;0010;;5524416. MPO
P746287142;0040;;5524897. MPO
P746287143;0010;;5524416. MPO
P746287143;0040;;5524897. MPO
P746287144;0010;;5524416. MPO
P746287144;0040;;5524897. MPO
P746287145;0010;;5524416. MPO
P746287145;0040;;5524897. MPO
P746287146;0010;;5524416. MPO
P746287146;0040;;5524897. MPO
P746287147;0010;;5524416. MPO
P746287147;0040;;5524897. MPO
P746287148;0010;;5524416. MPO
P746287148;0040;;5524897. MPO
P746287149;0010;;5524416. MPO
P746287149;0040;;5524897. MPO
P746287150;0010;;5524416. MPO
P746287150;0040;;5524897. MPO
P746287151;0010;;5524416. MPO
P746287151;0040;;5524897. MPO
P746287152;0010;;5524416. MPO
P746287152;0040;;5524897. MPO
P746287153;0010;;5524416. MPO
P746287153;0040;;5524897. MPO
P746287154;0010;;5524416. MPO
P746287154;0040;;5524897. MPO
P746287155;0010;;5524416. MPO
P746287155;0040;;5524897. MPO
P746287156;0010;;5524416. MPO
P746287156;0040;;5524897. MPO
P746287157;0010;;5524416. MPO
P746287157;0040;;5524897. MPO
P746287158;0010;;5524416. MPO
P746287158;0040;;5524897. MPO
P746287159;0010;;5524416. MPO
P746287159;0040;;5524897. MPO
P746287160;0010;;5524416. MPO
P746287160;0040;;5524897. MPO
P746287161;0010;;5524416. MPO
P746287161;0040;;5524897. MPO
P746287162;0010;;5524416. MPO
P746287162;0040;;5524897. MPO
P746287163;0010;;5524416. MPO
P746287163;0040;;5524897. MPO
P746287164;0010;;5524416. MPO
P746287164;0040;;5524897. MPO
P746408592;0070;;5525628. OTECMI
P746408594;0070;;5525628. OTECMI
P746425152;0040;;5524897. MPO
P746425153;0040;;5524897. MPO
P746425154;0040;;5524897. MPO
P746425155;0040;;5524897. MPO
P746425156;0040;;5524897. MPO
P746425157;0040;;5524897. MPO
P746425158;0040;;5524897. MPO
P746425159;0040;;5524897. MPO
P746425160;0040;;5524897. MPO
P746425161;0040;;5524897. MPO
P746425162;0040;;5524897. MPO
P746425163;0040;;5524897. MPO
P746425164;0040;;5524897. MPO
P746425165;0040;;5524897. MPO
P746425166;0040;;5524897. MPO
P746425167;0040;;5524897. MPO
P746425168;0040;;5524897. MPO
P746425169;0040;;5524897. MPO
P746425170;0040;;5524897. MPO
P746425171;0040;;5524897. MPO
P746425172;0040;;5524897. MPO
P746425173;0040;;5524897. MPO
P746425174;0040;;5524897. MPO
P746425175;0040;;5524897. MPO
P746425176;0040;;5524897. MPO
P746425177;0040;;5524897. MPO
P746425178;0040;;5524897. MPO
P746425179;0040;;5524897. MPO
P746425180;0040;;5524897. MPO
P746528434;0050;;5525455. LABELLE TRAITEMENT DE SURFACE SA
P746528436;0050;;5525455. LABELLE TRAITEMENT DE SURFACE SA
P746543810;0050;;5530736. TRAITEMENTS DE SURFACE ET MECANIQUE
P746544024;0050;;5530736. TRAITEMENTS DE SURFACE ET MECANIQUE
P746581085;0050;;5525713. S.I.R.E
P746581089;0055;;5525628. OTECMI
P747120405;0030;;5525556. METAFORM SARL
P747126807;0040;;5516063. HEUTE + COMP
P747135576;0080;;5524906. BODYCOTE
P747198579;0050;;5538253. METHAL SAS
P747330294;0060;;5530736. TRAITEMENTS DE SURFACE ET MECANIQUE
P747379490;0013;;5524416. MPO
P747379491;0013;;5524416. MPO
P747379781;0060;;5524906. BODYCOTE
P747379783;0050;;5524906. BODYCOTE
P747379791;0050;;5538253. METHAL SAS
P747971225;0400;;5525157. CHROMATLANTIQUE INDUSTRIEL
P747971248;0060;;5525545. M.G.A.
P748001669;0030;;5525701. SAIMAP - VIENNOT SAS
P748001670;0030;;5525701. SAIMAP - VIENNOT SAS
P748001671;0030;;5525701. SAIMAP - VIENNOT SAS
P748001672;0030;;5525701. SAIMAP - VIENNOT SAS
P748001673;0030;;5525701. SAIMAP - VIENNOT SAS
P748001674;0030;;5525701. SAIMAP - VIENNOT SAS
P748001675;0030;;5525701. SAIMAP - VIENNOT SAS
P748001676;0030;;5525701. SAIMAP - VIENNOT SAS
P748001677;0030;;5525701. SAIMAP - VIENNOT SAS
P748001678;0030;;5525701. SAIMAP - VIENNOT SAS
P748001679;0030;;5525701. SAIMAP - VIENNOT SAS
P748001680;0030;;5525701. SAIMAP - VIENNOT SAS
P748001681;0030;;5525701. SAIMAP - VIENNOT SAS
P748001682;0030;;5525701. SAIMAP - VIENNOT SAS
P748001683;0030;;5525701. SAIMAP - VIENNOT SAS
P748001684;0030;;5525701. SAIMAP - VIENNOT SAS
P748001685;0030;;5525701. SAIMAP - VIENNOT SAS
P748001686;0030;;5525701. SAIMAP - VIENNOT SAS
P748001687;0030;;5525701. SAIMAP - VIENNOT SAS
P748001688;0030;;5525701. SAIMAP - VIENNOT SAS
P748001689;0030;;5525701. SAIMAP - VIENNOT SAS
P748001690;0030;;5525701. SAIMAP - VIENNOT SAS
P748003212;0030;;5525556. METAFORM SARL
P748129437;0040;;5516063. HEUTE + COMP
P748129438;0040;;5516063. HEUTE + COMP
P748129439;0040;;5516063. HEUTE + COMP
P748129440;0040;;5516063. HEUTE + COMP
P748302603;0190;;5525157. CHROMATLANTIQUE INDUSTRIEL
P748303812;0040;;5525545. M.G.A.
P748303954;0040;;5529906. MOUROT
P748832107;0400;;5525157. CHROMATLANTIQUE INDUSTRIEL
P748840390;0400;;5525157. CHROMATLANTIQUE INDUSTRIEL
P749172364;0050;;5525850. THIERION
P749172365;0050;;5525850. THIERION
P749177592;0040;;5525545. M.G.A.
P749182478;0060;;5525545. M.G.A.
P749251452;0130;;5525628. OTECMI
P749293521;0100;;5538253. METHAL SAS
P749293558;0130;;5525628. OTECMI
P749293684;0040;;5525116. APAEI DU BOCAGE VIROIS ET DE LA SUI
P749923639;0028;;5525770. SOCIETE INDUSTRIELLE DE BROCHAGE
P749923640;0028;;5525770. SOCIETE INDUSTRIELLE DE BROCHAGE
P749923641;0040;;5536973. MECAMUT
P749936052;0050;;5525455. LABELLE TRAITEMENT DE SURFACE SA
P749936054;0050;;5525455. LABELLE TRAITEMENT DE SURFACE SA
P749936056;0050;;5525455. LABELLE TRAITEMENT DE SURFACE SA
P749983173;0070;;5530736. TRAITEMENTS DE SURFACE ET MECANIQUE
P750134681;0050;;5525455. LABELLE TRAITEMENT DE SURFACE SA
P750134683;0050;;5525455. LABELLE TRAITEMENT DE SURFACE SA
P750172701;0050;;5538253. METHAL SAS
P750172702;0050;;5538253. METHAL SAS
P750172703;0050;;5538253. METHAL SAS
P750172704;0050;;5538253. METHAL SAS
P750172705;0050;;5538253. METHAL SAS
P750172706;0050;;5538253. METHAL SAS
P750172707;0050;;5538253. METHAL SAS
P750172708;0050;;5538253. METHAL SAS
P750172709;0050;;5538253. METHAL SAS
P750172710;0050;;5538253. METHAL SAS
P750172729;0060;;5524906. BODYCOTE
P750172730;0060;;5524906. BODYCOTE
P750172731;0060;;5524906. BODYCOTE
P750172732;0060;;5524906. BODYCOTE
P750172733;0060;;5524906. BODYCOTE
P750172734;0060;;5524906. BODYCOTE
P750172735;0060;;5524906. BODYCOTE
P750172736;0060;;5524906. BODYCOTE
P750172737;0060;;5524906. BODYCOTE
P750172738;0060;;5524906. BODYCOTE
P750172741;0050;;5524906. BODYCOTE
P750172742;0050;;5524906. BODYCOTE
P750172743;0050;;5524906. BODYCOTE
P750172744;0050;;5524906. BODYCOTE
P750172745;0050;;5524906. BODYCOTE
P750172746;0050;;5524906. BODYCOTE
P750172747;0050;;5524906. BODYCOTE
P750172748;0050;;5524906. BODYCOTE
P750172749;0050;;5524906. BODYCOTE
P750172750;0050;;5524906. BODYCOTE
P750197830;0120;;5525157. CHROMATLANTIQUE INDUSTRIEL
P750876146;0080;;5530736. TRAITEMENTS DE SURFACE ET MECANIQUE
P750880076;0040;;5538253. METHAL SAS
P750928790;0040;;5525545. M.G.A.
P750933357;0060;;5525545. M.G.A.
P750969212;0040;;5525545. M.G.A.
P750969214;0030;;5525545. M.G.A.
P751407847;0016;;5525545. M.G.A.
P751525489;0040;;5525545. M.G.A.
P751720993;0100;;5524906. BODYCOTE
P751720994;0100;;5524906. BODYCOTE
P751720995;0100;;5524906. BODYCOTE
P751735650;0040;;5524036. SIAC STRUMENTAZIONI SPA
P751777737;0050;;5529906. MOUROT
P751777738;0050;;5529906. MOUROT
P751778174;0050;;5525545. M.G.A.
P751989972;0065;;5529906. MOUROT
P752000735;0290;;5525628. OTECMI
P752000738;0290;;5525628. OTECMI
P752000741;0060;;5525628. OTECMI
P752193442;0050;;5524906. BODYCOTE
P752193447;0080;;5530736. TRAITEMENTS DE SURFACE ET MECANIQUE
P752375457;0093;;5538253. METHAL SAS
P752375459;0070;;5538253. METHAL SAS
P752375492;0040;;5525116. APAEI DU BOCAGE VIROIS ET DE LA SUI
P752375494;0060;;5530736. TRAITEMENTS DE SURFACE ET MECANIQUE
P752375503;0050;;5530736. TRAITEMENTS DE SURFACE ET MECANIQUE
P752375506;0060;;5530736. TRAITEMENTS DE SURFACE ET MECANIQUE
P752375776;0040;;5525455. LABELLE TRAITEMENT DE SURFACE SA
P752375777;0040;;5525455. LABELLE TRAITEMENT DE SURFACE SA
P752407912;0080;;5525157. CHROMATLANTIQUE INDUSTRIEL
P752408530;0060;;5525455. LABELLE TRAITEMENT DE SURFACE SA
P752408531;0060;;5525455. LABELLE TRAITEMENT DE SURFACE SA
P752408857;0050;;5525455. LABELLE TRAITEMENT DE SURFACE SA
P752435567;0070;;5525074. C.M.B.A.
P752435568;0070;;5525074. C.M.B.A.
P752435569;0070;;5525074. C.M.B.A.
P752435570;0050;;5525849. EUROTEC - CENTRE
P752435571;0050;;5525849. EUROTEC - CENTRE
P752436123;0180;;5525628. OTECMI
P752436124;0180;;5525628. OTECMI
P752466441;0020;;5538253. METHAL SAS
P752466441;0110;;5525857. SAS TMN SURFACE
P752466442;0020;;5538253. METHAL SAS
P752466442;0110;;5525857. SAS TMN SURFACE
P752466481;0050;;5525857. SAS TMN SURFACE
P752466482;0050;;5525857. SAS TMN SURFACE
P752466729;0040;;5525561. METAL IMPROVEMENT COMPANY
P752466730;0040;;5525561. METAL IMPROVEMENT COMPANY
P752557708;0080;;5535384. CHIMIMECA
P752557709;0080;;5535384. CHIMIMECA
P752557710;0080;;5535384. CHIMIMECA
P752585266;0050;;5538253. METHAL SAS
P752585267;0050;;5538253. METHAL SAS
P752585268;0050;;5538253. METHAL SAS
P752585269;0050;;5538253. METHAL SAS
P752585270;0050;;5538253. METHAL SAS
P752585271;0050;;5538253. METHAL SAS
P752585272;0050;;5538253. METHAL SAS
P752585287;0060;;5524906. BODYCOTE
P752585288;0060;;5524906. BODYCOTE
P752585289;0060;;5524906. BODYCOTE
P752585290;0060;;5524906. BODYCOTE
P752585291;0060;;5524906. BODYCOTE
P752585292;0060;;5524906. BODYCOTE
P752585293;0060;;5524906. BODYCOTE
P752585295;0050;;5524906. BODYCOTE
P752585296;0050;;5524906. BODYCOTE
P752585297;0050;;5524906. BODYCOTE
P752585298;0050;;5524906. BODYCOTE
P752585299;0050;;5524906. BODYCOTE
P752585300;0050;;5524906. BODYCOTE
P752585301;0050;;5524906. BODYCOTE
P752792767;0040;;5524036. SIAC STRUMENTAZIONI SPA
P752970493;0060;;5530736. TRAITEMENTS DE SURFACE ET MECANIQUE
P752970494;0060;;5530736. TRAITEMENTS DE SURFACE ET MECANIQUE
P752970495;0060;;5530736. TRAITEMENTS DE SURFACE ET MECANIQUE
P752970496;0060;;5530736. TRAITEMENTS DE SURFACE ET MECANIQUE
P752990789;0050;;5536973. MECAMUT
P752990790;0050;;5536973. MECAMUT
P752990791;0050;;5536973. MECAMUT
P752990792;0050;;5536973. MECAMUT
P752990793;0050;;5536973. MECAMUT
P752990838;0050;;5538253. METHAL SAS
P752990839;0050;;5538253. METHAL SAS
P752990840;0050;;5538253. METHAL SAS
P752990841;0050;;5538253. METHAL SAS
P753099516;0040;;5525545. M.G.A.
P753126422;0040;;5524416. MPO
P753126434;0040;;5524416. MPO
P753126435;0040;;5524416. MPO
P753126436;0040;;5524416. MPO
P753126437;0040;;5524416. MPO
P753126438;0040;;5524416. MPO
P753126439;0040;;5524416. MPO
P753126440;0040;;5524416. MPO
P753126442;0040;;5524416. MPO
P753126443;0040;;5524416. MPO
P753126444;0040;;5524416. MPO
P753126445;0040;;5524416. MPO
P753156183;0070;;5525857. SAS TMN SURFACE
P753156206;0040;;5525116. APAEI DU BOCAGE VIROIS ET DE LA SUI
P753156250;0050;;5525857. SAS TMN SURFACE
P753156297;0020;;5538253. METHAL SAS
P753156297;0110;;5525857. SAS TMN SURFACE
P753156408;0040;;5524036. SIAC STRUMENTAZIONI SPA
P753156427;0040;;5525116. APAEI DU BOCAGE VIROIS ET DE LA SUI
P753178019;0040;;5524416. MPO
P753178020;0040;;5524416. MPO
P753178021;0040;;5524416. MPO
P753178022;0040;;5524416. MPO
P753178023;0040;;5524416. MPO
P753178024;0040;;5524416. MPO
P753178025;0040;;5524416. MPO
P753178026;0040;;5524416. MPO
P753178027;0040;;5524416. MPO
P753178028;0040;;5524416. MPO
P753178029;0040;;5524416. MPO
P753178084;0040;;5524416. MPO
P753178085;0040;;5524416. MPO
P753244008;0040;;5525116. APAEI DU BOCAGE VIROIS ET DE LA SUI
P753244172;0040;;5524416. MPO
P753244176;0040;;5524416. MPO
P753244179;0040;;5524416. MPO
P753244191;0040;;5525116. APAEI DU BOCAGE VIROIS ET DE LA SUI
P753267517;0050;;5525556. METAFORM SARL
P753268409;0060;;5538253. METHAL SAS
P753268410;0060;;5538253. METHAL SAS
P753269421;0050;;5530736. TRAITEMENTS DE SURFACE ET MECANIQUE
P753269422;0050;;5530736. TRAITEMENTS DE SURFACE ET MECANIQUE
P753269790;0060;;5538253. METHAL SAS
P753269791;0060;;5538253. METHAL SAS
P753269792;0060;;5538253. METHAL SAS
P753269793;0060;;5538253. METHAL SAS
P753269794;0060;;5538253. METHAL SAS
P753269795;0060;;5538253. METHAL SAS
P753269796;0060;;5538253. METHAL SAS
P753269797;0060;;5538253. METHAL SAS
P753269798;0060;;5538253. METHAL SAS
P753276357;0040;;5525545. M.G.A.
P753276358;0060;;5524906. BODYCOTE
P753276361;0090;;5525157. CHROMATLANTIQUE INDUSTRIEL
P753276373;0120;;5525157. CHROMATLANTIQUE INDUSTRIEL
P753276377;0040;;5525545. M.G.A.
P753276394;0120;;5525157. CHROMATLANTIQUE INDUSTRIEL
P753298079;0140;;5525799. SOPI
P753298080;0140;;5525799. SOPI
P753298081;0140;;5525799. SOPI
P753298082;0140;;5525799. SOPI
P753298083;0140;;5525799. SOPI
P753298084;0140;;5525799. SOPI
P753298085;0140;;5525799. SOPI
P753298086;0140;;5525799. SOPI
P753298087;0140;;5525799. SOPI
P753298088;0140;;5525799. SOPI
P753298089;0140;;5525799. SOPI
P753298090;0140;;5525799. SOPI
P753298091;0140;;5525799. SOPI
P753298092;0140;;5525799. SOPI
P753298093;0140;;5525799. SOPI
P753298094;0140;;5525799. SOPI
P753298095;0140;;5525799. SOPI
P753298096;0140;;5525799. SOPI
P753298097;0140;;5525799. SOPI
P753298098;0140;;5525799. SOPI
P753298099;0140;;5525799. SOPI
P753298100;0140;;5525799. SOPI
P753298101;0140;;5525799. SOPI
P753298102;0140;;5525799. SOPI
P753298103;0140;;5525799. SOPI
P753298104;0140;;5525799. SOPI
P753298105;0140;;5525799. SOPI
P753298106;0140;;5525799. SOPI
P753298107;0140;;5525799. SOPI
P753298108;0140;;5525799. SOPI
P753298109;0140;;5525799. SOPI
P753298110;0140;;5525799. SOPI
P753298111;0140;;5525799. SOPI
P753298112;0140;;5525799. SOPI
P753298113;0140;;5525799. SOPI
P753298114;0140;;5525799. SOPI
P753298115;0140;;5525799. SOPI
P753298116;0140;;5525799. SOPI
P753298117;0140;;5525799. SOPI
P753298118;0140;;5525799. SOPI
P753298119;0140;;5525799. SOPI
P753298120;0140;;5525799. SOPI
P753298121;0140;;5525799. SOPI
P753298122;0140;;5525799. SOPI
P753298123;0140;;5525799. SOPI
P753298124;0140;;5525799. SOPI
P753298125;0140;;5525799. SOPI
P753298126;0140;;5525799. SOPI
P753298127;0140;;5525799. SOPI
P753298128;0140;;5525799. SOPI
P753298129;0140;;5525799. SOPI
P753298130;0140;;5525799. SOPI
P753298131;0140;;5525799. SOPI
P753298132;0140;;5525799. SOPI
P753298133;0140;;5525799. SOPI
P753298134;0140;;5525799. SOPI
P753298135;0140;;5525799. SOPI
P753298136;0140;;5525799. SOPI
P753298137;0140;;5525799. SOPI
P753298138;0140;;5525799. SOPI
P753298139;0140;;5525799. SOPI
P753298140;0140;;5525799. SOPI
P753298141;0140;;5525799. SOPI
P753298142;0140;;5525799. SOPI
P753298143;0140;;5525799. SOPI
P753298144;0140;;5525799. SOPI
P753298145;0140;;5525799. SOPI
P753298146;0140;;5525799. SOPI
P753298147;0140;;5525799. SOPI
P753298148;0140;;5525799. SOPI
P753298149;0140;;5525799. SOPI
P753298150;0140;;5525799. SOPI
P753298151;0140;;5525799. SOPI
P753298152;0140;;5525799. SOPI
P753298153;0140;;5525799. SOPI
P753298154;0140;;5525799. SOPI
P753298155;0140;;5525799. SOPI
P753298156;0140;;5525799. SOPI
P753298157;0140;;5525799. SOPI
P753298158;0140;;5525799. SOPI
P753298159;0140;;5525799. SOPI
P753298160;0140;;5525799. SOPI
P753298161;0140;;5525799. SOPI
P753298162;0140;;5525799. SOPI
P753298163;0140;;5525799. SOPI
P753298164;0140;;5525799. SOPI
P753298165;0140;;5525799. SOPI
P753298166;0140;;5525799. SOPI
P753298167;0140;;5525799. SOPI
P753298168;0140;;5525799. SOPI
P753298169;0140;;5525799. SOPI
P753298170;0140;;5525799. SOPI
P753298171;0140;;5525799. SOPI
P753298172;0140;;5525799. SOPI
P753298173;0140;;5525799. SOPI
P753298174;0140;;5525799. SOPI
P753298175;0140;;5525799. SOPI
P753298176;0140;;5525799. SOPI
P753298177;0140;;5525799. SOPI
P753298178;0140;;5525799. SOPI
P753298179;0140;;5525799. SOPI
P753298180;0140;;5525799. SOPI
P753298181;0140;;5525799. SOPI
P753298182;0140;;5525799. SOPI
P753298183;0140;;5525799. SOPI
P753298184;0140;;5525799. SOPI
P753298185;0140;;5525799. SOPI
P753298186;0140;;5525799. SOPI
P753298187;0140;;5525799. SOPI
P753298188;0140;;5525799. SOPI
P753298189;0140;;5525799. SOPI
P753298190;0140;;5525799. SOPI
P753298191;0140;;5525799. SOPI
P753298192;0140;;5525799. SOPI
P753298193;0140;;5525799. SOPI
P753298194;0140;;5525799. SOPI
P753298195;0140;;5525799. SOPI
P753298196;0140;;5525799. SOPI
P753298197;0140;;5525799. SOPI
P753298198;0140;;5525799. SOPI
P753298199;0140;;5525799. SOPI
P753298200;0140;;5525799. SOPI
P753298201;0140;;5525799. SOPI
P753298202;0140;;5525799. SOPI
P753298203;0140;;5525799. SOPI
P753298204;0140;;5525799. SOPI
P753298205;0140;;5525799. SOPI
P753298206;0140;;5525799. SOPI
P753298207;0140;;5525799. SOPI
P753298208;0140;;5525799. SOPI
P753298209;0140;;5525799. SOPI
P753298210;0140;;5525799. SOPI
P753298211;0140;;5525799. SOPI
P753298212;0140;;5525799. SOPI
P753298213;0140;;5525799. SOPI
P753298214;0140;;5525799. SOPI
P753298215;0140;;5525799. SOPI
P753298216;0140;;5525799. SOPI
P753298217;0140;;5525799. SOPI
P753298218;0140;;5525799. SOPI
P753298219;0140;;5525799. SOPI
P753298220;0140;;5525799. SOPI
P753298221;0140;;5525799. SOPI
P753298222;0140;;5525799. SOPI
P753298682;0020;;5525539. M.P.I. SARL
P753298682;0040;;5525545. M.G.A.
P753298683;0020;;5525539. M.P.I. SARL
P753298683;0040;;5525545. M.G.A.
P753300700;0050;;5536973. MECAMUT
P753300735;0120;;5525628. OTECMI
P753300736;0120;;5525628. OTECMI
P753300740;0060;;5524416. MPO
P753300763;0050;;5524893. ARMECATE
P753300898;0050;;5530736. TRAITEMENTS DE SURFACE ET MECANIQUE
P753301016;0040;;5525842. SAS TDN
21690723;0030;;5535226. RJ INDUSTRIE
22299860;0100;;5525628. OTECMI
22299861;0100;;5525628. OTECMI
22299862;0100;;5525628. OTECMI
22299863;0100;;5525628. OTECMI
22299865;0100;;5525628. OTECMI
22299867;0100;;5525628. OTECMI
22299868;0100;;5525628. OTECMI
22299930;0100;;5525628. OTECMI
22299931;0100;;5525628. OTECMI
22299934;0100;;5525628. OTECMI
22299936;0100;;5525628. OTECMI
22299938;0100;;5525628. OTECMI
22350056;0090;;5525628. OTECMI
31406587;0090;;5525628. OTECMI
31406588;0090;;5525628. OTECMI
31593852;0040;;5525545. M.G.A.
31593853;0040;;5525545. M.G.A.
31593854;0040;;5525545. M.G.A.
31593855;0040;;5525545. M.G.A.
31593856;0040;;5525545. M.G.A.
31593857;0040;;5525545. M.G.A.
31595638;0090;;5525157. CHROMATLANTIQUE INDUSTRIEL
31595639;0090;;5525157. CHROMATLANTIQUE INDUSTRIEL
31595640;0090;;5525157. CHROMATLANTIQUE INDUSTRIEL
31595642;0090;;5525157. CHROMATLANTIQUE INDUSTRIEL
31595645;0090;;5525157. CHROMATLANTIQUE INDUSTRIEL
31595647;0090;;5525157. CHROMATLANTIQUE INDUSTRIEL
31595648;0090;;5525157. CHROMATLANTIQUE INDUSTRIEL
31618106;0040;;5536150. TALLERES MECANICOS ARRI S COOP
31618106;0100;;5525628. OTECMI
31618107;0040;;5536150. TALLERES MECANICOS ARRI S COOP
31618107;0100;;5525628. OTECMI
31618109;0040;;5536150. TALLERES MECANICOS ARRI S COOP
31618109;0100;;5525628. OTECMI
31861154;0012;;5525556. METAFORM SARL
31963238;0040;;5525545. M.G.A.
31963240;0040;;5525545. M.G.A.
31963242;0040;;5525545. M.G.A.
32069574;0050;;5525628. OTECMI
32069655;0850;;5525628. OTECMI
32076925;0900;;5525628. OTECMI
32076926;0900;;5525628. OTECMI
32076927;0900;;5525628. OTECMI
32077725;0070;;5525628. OTECMI
32077727;0070;;5525628. OTECMI
32077728;0070;;5525628. OTECMI
32077729;0070;;5525628. OTECMI
32077732;0070;;5525628. OTECMI
32077733;0070;;5525628. OTECMI
32078007;0070;;5525628. OTECMI
32078008;0070;;5525628. OTECMI
32078010;0070;;5525628. OTECMI
32078012;0070;;5525628. OTECMI
32078013;0070;;5525628. OTECMI
32087767;0900;;5525628. OTECMI
32087776;0900;;5525628. OTECMI
32088506;0900;;5525628. OTECMI
32088512;0130;5052672300/20;5525628. OTECMI
32088513;0900;5052672300/10;5525628. OTECMI
32101480;0070;;5525628. OTECMI
32101481;0070;;5525628. OTECMI
32101493;0070;;5525628. OTECMI
32101496;0070;;5525628. OTECMI
32101497;0070;;5525628. OTECMI
32101498;0070;;5525628. OTECMI
32101500;0070;;5525628. OTECMI
32101501;0070;;5525628. OTECMI
32101516;0070;;5525628. OTECMI
32101517;0070;;5525628. OTECMI
32101518;0070;;5525628. OTECMI
32101519;0070;;5525628. OTECMI
32101520;0070;;5525628. OTECMI
32101521;0070;;5525628. OTECMI
32101522;0070;;5525628. OTECMI
32101523;0070;;5525628. OTECMI
32101524;0070;;5525628. OTECMI
32101525;0070;;5525628. OTECMI
32101526;0070;;5525628. OTECMI
32133278;0730;;5535384. CHIMIMECA
32133328;0730;;5535384. CHIMIMECA
32133334;0730;;5535384. CHIMIMECA
32133337;0730;;5535384. CHIMIMECA
32133339;0730;;5535384. CHIMIMECA
32133343;0730;;5535384. CHIMIMECA
32133345;0730;;5535384. CHIMIMECA
32133347;0730;;5535384. CHIMIMECA
32133349;0730;;5535384. CHIMIMECA
32133359;0730;;5535384. CHIMIMECA
32133364;0730;;5535384. CHIMIMECA
32133377;0730;;5535384. CHIMIMECA
32133381;0730;;5535384. CHIMIMECA
32133396;0730;;5535384. CHIMIMECA
32133399;0730;;5535384. CHIMIMECA
32133404;0730;;5535384. CHIMIMECA
32133412;0730;;5535384. CHIMIMECA
32133416;0730;;5535384. CHIMIMECA
32133419;0730;;5535384. CHIMIMECA
32133424;0730;;5535384. CHIMIMECA
32133453;0730;;5535384. CHIMIMECA
32133457;0730;;5535384. CHIMIMECA
32133463;0730;;5535384. CHIMIMECA
32140160;0730;;5535384. CHIMIMECA
32140164;0730;;5535384. CHIMIMECA
32140168;0730;;5535384. CHIMIMECA
32140170;0730;;5535384. CHIMIMECA
32140174;0730;;5535384. CHIMIMECA
32140181;0730;;5535384. CHIMIMECA
32140183;0730;;5535384. CHIMIMECA
32140190;0730;;5535384. CHIMIMECA
32140193;0730;;5535384. CHIMIMECA
32140200;0730;;5535384. CHIMIMECA
32140204;0730;;5535384. CHIMIMECA
32140210;0730;;5535384. CHIMIMECA
32140223;0730;;5535384. CHIMIMECA
32140232;0730;;5535384. CHIMIMECA
32156427;0730;;5535384. CHIMIMECA
32156428;0730;;5535384. CHIMIMECA
32156434;0730;;5535384. CHIMIMECA
32156437;0730;;5535384. CHIMIMECA
32156439;0730;;5535384. CHIMIMECA
32156460;0730;;5535384. CHIMIMECA
32156463;0730;;5535384. CHIMIMECA
32156464;0730;;5535384. CHIMIMECA
32156465;0730;;5535384. CHIMIMECA
32156466;0730;;5535384. CHIMIMECA
32156467;0730;;5535384. CHIMIMECA
32158734;0730;;5535384. CHIMIMECA
32158736;0730;;5535384. CHIMIMECA
32158737;0730;;5535384. CHIMIMECA
32158928;0730;;5535384. CHIMIMECA
32158932;0730;;5535384. CHIMIMECA
32158933;0730;;5535384. CHIMIMECA
32158934;0730;;5535384. CHIMIMECA
32158935;0730;;5535384. CHIMIMECA
32158936;0730;;5535384. CHIMIMECA
32158937;0730;;5535384. CHIMIMECA
32228715;0040;;5536150. TALLERES MECANICOS ARRI S COOP
32228715;0100;;5525628. OTECMI
32228717;0040;;5536150. TALLERES MECANICOS ARRI S COOP
32228717;0100;;5525628. OTECMI
32228718;0040;;5536150. TALLERES MECANICOS ARRI S COOP
32228718;0100;;5525628. OTECMI
32231746;0045;5052618142/60;5525545. M.G.A.
32231747;0045;5052618142/70;5525545. M.G.A.
32257844;0050;;5525628. OTECMI
32300682;0030;;5535226. RJ INDUSTRIE
32465885;0130;;5525157. CHROMATLANTIQUE INDUSTRIEL
32584184;0061;;5525922. WITZENMANN FRANCE SARL
32585531;0730;;5535384. CHIMIMECA
32585533;0730;;5535384. CHIMIMECA
32585536;0730;;5535384. CHIMIMECA
32585538;0730;;5535384. CHIMIMECA
32585542;0730;;5535384. CHIMIMECA
32585611;0074;;5525922. WITZENMANN FRANCE SARL
32595685;0730;;5535384. CHIMIMECA
32595688;0730;;5535384. CHIMIMECA
32595690;0730;;5535384. CHIMIMECA
32595691;0730;;5535384. CHIMIMECA
32595693;0730;;5535384. CHIMIMECA
32598310;0730;;5535384. CHIMIMECA
32598311;0730;;5535384. CHIMIMECA
32612807;0730;;5535384. CHIMIMECA
32612812;0730;;5535384. CHIMIMECA
32612817;0730;;5535384. CHIMIMECA
32620704;0730;;5535384. CHIMIMECA
32622271;0730;;5535384. CHIMIMECA
32622273;0730;;5535384. CHIMIMECA
32622280;0730;;5535384. CHIMIMECA
32622282;0730;;5535384. CHIMIMECA
32622283;0730;;5535384. CHIMIMECA
32629499;0730;;5535384. CHIMIMECA
32629522;0730;;5535384. CHIMIMECA
32629524;0730;;5535384. CHIMIMECA
32629525;0730;;5535384. CHIMIMECA
32629527;0730;;5535384. CHIMIMECA
32629529;0730;;5535384. CHIMIMECA
32629531;0730;;5535384. CHIMIMECA
32629534;0730;;5535384. CHIMIMECA
32629538;0730;;5535384. CHIMIMECA
32629541;0730;;5535384. CHIMIMECA
32629544;0730;;5535384. CHIMIMECA
32629545;0730;;5535384. CHIMIMECA
32641283;0730;;5535384. CHIMIMECA
32641287;0730;;5535384. CHIMIMECA
32641291;0730;;5535384. CHIMIMECA
32641295;0730;;5535384. CHIMIMECA
32641298;0730;;5535384. CHIMIMECA
32641330;0730;;5535384. CHIMIMECA
32641336;0730;;5535384. CHIMIMECA
32641361;0730;;5535384. CHIMIMECA
32641368;0730;;5535384. CHIMIMECA
32641372;0730;;5535384. CHIMIMECA
32641375;0730;;5535384. CHIMIMECA
32651483;0730;;5535384. CHIMIMECA
32651490;0730;;5535384. CHIMIMECA
32651516;0730;;5535384. CHIMIMECA
32651519;0730;;5535384. CHIMIMECA
32651522;0730;;5535384. CHIMIMECA
32651524;0730;;5535384. CHIMIMECA
32651526;0730;;5535384. CHIMIMECA
32651527;0730;;5535384. CHIMIMECA
32657334;0040;5052359122/20;5525701. SAIMAP - VIENNOT SAS
32700866;0050;;5525628. OTECMI
32700868;0050;;5525628. OTECMI
32700870;0050;;5525628. OTECMI
32700878;0050;;5525628. OTECMI
32703900;0050;;5525628. OTECMI
32703912;0070;;5525628. OTECMI
32719301;0730;;5535384. CHIMIMECA
32719304;0730;;5535384. CHIMIMECA
32722647;0900;;5525628. OTECMI
32728492;0730;;5535384. CHIMIMECA
32728493;0730;;5535384. CHIMIMECA
32733383;0070;;5525628. OTECMI
32733384;0070;;5525628. OTECMI
32737526;0730;;5535384. CHIMIMECA
32742541;0730;;5535384. CHIMIMECA
32742542;0730;;5535384. CHIMIMECA
32742543;0730;;5535384. CHIMIMECA
32788533;0120;;5525157. CHROMATLANTIQUE INDUSTRIEL
32804588;0040;5052571715/10;5525922. WITZENMANN FRANCE SARL
32807968;0012;;5525556. METAFORM SARL
32807969;0012;;5525556. METAFORM SARL
32807970;0012;;5525556. METAFORM SARL
32807971;0012;;5525556. METAFORM SARL
32807972;0012;;5525556. METAFORM SARL
32807973;0012;;5525556. METAFORM SARL
32823533;0900;;5525628. OTECMI
32835734;0040;5052634787/20;5525545. M.G.A.
32835735;0040;5052634787/30;5525545. M.G.A.
32835737;0040;5052634787/40;5525545. M.G.A.
32872235;0070;;5524906. BODYCOTE
32872236;0070;;5524906. BODYCOTE
32872237;0070;;5524906. BODYCOTE
32872238;0070;;5524906. BODYCOTE
32874160;0024;5052662022/10;5538253. METHAL SAS
32874161;0024;5052662022/20;5538253. METHAL SAS
32874162;0024;5052662022/30;5538253. METHAL SAS
32874163;0024;5052662022/40;5538253. METHAL SAS
32898214;0070;;5525628. OTECMI
32907984;0040;;5525808. SOCIETE NOUVELLE SMB
32907985;0040;;5525808. SOCIETE NOUVELLE SMB
32908996;0730;;5535384. CHIMIMECA
32908997;0730;;5535384. CHIMIMECA
32908998;0730;;5535384. CHIMIMECA
32908999;0730;;5535384. CHIMIMECA
32910846;0730;;5535384. CHIMIMECA
32910847;0730;;5535384. CHIMIMECA
32910848;0730;;5535384. CHIMIMECA
32910849;0730;;5535384. CHIMIMECA
32915033;0050;;5525628. OTECMI
32917108;0180;;5525157. CHROMATLANTIQUE INDUSTRIEL
32917109;0180;;5525157. CHROMATLANTIQUE INDUSTRIEL
32917632;0180;;5525157. CHROMATLANTIQUE INDUSTRIEL
32917634;0180;;5525157. CHROMATLANTIQUE INDUSTRIEL
32917637;0107;;5525157. CHROMATLANTIQUE INDUSTRIEL
32917638;0107;;5525157. CHROMATLANTIQUE INDUSTRIEL
32917639;0107;;5525157. CHROMATLANTIQUE INDUSTRIEL
32917640;0107;;5525157. CHROMATLANTIQUE INDUSTRIEL
32948808;0730;;5535384. CHIMIMECA
32948809;0730;;5535384. CHIMIMECA
32948810;0730;;5535384. CHIMIMECA
32948811;0730;;5535384. CHIMIMECA
32948812;0730;;5535384. CHIMIMECA
32948813;0730;;5535384. CHIMIMECA
32948814;0730;;5535384. CHIMIMECA
32948815;0730;;5535384. CHIMIMECA
32948816;0730;;5535384. CHIMIMECA
32948817;0730;;5535384. CHIMIMECA
32949821;0070;;5525628. OTECMI
32997395;0180;;5525157. CHROMATLANTIQUE INDUSTRIEL
32997397;0180;;5525157. CHROMATLANTIQUE INDUSTRIEL
32997399;0180;;5525157. CHROMATLANTIQUE INDUSTRIEL
32997521;0180;;5525157. CHROMATLANTIQUE INDUSTRIEL
33010651;0130;;5525157. CHROMATLANTIQUE INDUSTRIEL
33035263;0730;;5535384. CHIMIMECA
33043282;0730;;5535384. CHIMIMECA
33046738;0180;;5525157. CHROMATLANTIQUE INDUSTRIEL
33063873;0045;5052668059/80;5524937. A2M INDUSTRIE
33073578;0082;;5524898. MANOIR PITRES
33082002;0040;;5536150. TALLERES MECANICOS ARRI S COOP
33106190;0070;;5524906. BODYCOTE
33106191;0070;;5524906. BODYCOTE
33106192;0070;;5524906. BODYCOTE
33106193;0070;;5524906. BODYCOTE
33107123;0470;;5525628. OTECMI
33113783;0060;5052648485/10;5525545. M.G.A.
33113783;0130;;5525157. CHROMATLANTIQUE INDUSTRIEL
33125420;0090;5052668052/10;5525157. CHROMATLANTIQUE INDUSTRIEL
33134894;0080;;5538253. METHAL SAS
33147224;0120;5052668052/50;5525157. CHROMATLANTIQUE INDUSTRIEL
33149025;0045;5052668059/60;5524937. A2M INDUSTRIE
33149026;0045;5052668059/70;5524937. A2M INDUSTRIE
33152246;0030;;5525556. METAFORM SARL
33155414;0030;;5525805. SOREMA
33155416;0030;;5525805. SOREMA
33159288;0040;5052507178/50;5525545. M.G.A.
33159289;0040;5052507178/60;5525545. M.G.A.
33170909;0080;;5524937. A2M INDUSTRIE
33170910;0060;5052674813/10;5538253. METHAL SAS
33170910;0080;;5524937. A2M INDUSTRIE
33182530;0120;5052668052/40;5525157. CHROMATLANTIQUE INDUSTRIEL
33183688;0090;5052668052/20;5525157. CHROMATLANTIQUE INDUSTRIEL
33192345;0072;;5524906. BODYCOTE
33199289;0033;;5525628. OTECMI
33200246;0050;;5525545. M.G.A.
33200208;0030;;5525556. METAFORM SARL
33201995;0100;;5525157. CHROMATLANTIQUE INDUSTRIEL
33204549;0040;5052483717/10;5525701. SAIMAP - VIENNOT SAS
33204550;0060;;5525157. CHROMATLANTIQUE INDUSTRIEL
33208818;0030;5052496007/12;5525701. SAIMAP - VIENNOT SAS
33210298;0024;;5524906. BODYCOTE
33210298;0030;;5524906. BODYCOTE
33236483;0030;5052606655/40;5538253. METHAL SAS
33236483;0045;;5524937. A2M INDUSTRIE
33237189;0107;;5525157. CHROMATLANTIQUE INDUSTRIEL
33238175;0050;;5525455. LABELLE TRAITEMENT DE SURFACE SA
33238176;0050;;5525455. LABELLE TRAITEMENT DE SURFACE SA
33243824;0058;5052670450/10;5525628. OTECMI
33245073;0030;;5525556. METAFORM SARL
33245074;0030;;5525556. METAFORM SARL
33250332;0030;;5525556. METAFORM SARL
33263335;0050;;5525545. M.G.A.
33292608;0050;5052513190/10;5525545. M.G.A.
33292610;0045;5052668059/50;5524937. A2M INDUSTRIE
33293124;0030;;5525556. METAFORM SARL
33294670;0060;;5525922. WITZENMANN FRANCE SARL
33298730;0060;;5525628. OTECMI
33300167;0090;5052668059/10;5524937. A2M INDUSTRIE
33300168;0090;5052668059/20;5524937. A2M INDUSTRIE
33304194;0100;;5525628. OTECMI
33306768;0024;5052618142/10;5525545. M.G.A.
33306769;0024;5052618142/20;5525545. M.G.A.
33315628;0050;5052578416/21;7731132. MECANIC SUD INDUSTRIE
33315629;0050;5052578416/31;7731132. MECANIC SUD INDUSTRIE
33328866;0030;;5525556. METAFORM SARL
33355281;0900;;5525628. OTECMI
33355283;0900;;5525628. OTECMI
33360275;0080;;5525157. CHROMATLANTIQUE INDUSTRIEL
33360276;0080;;5525157. CHROMATLANTIQUE INDUSTRIEL
33362091;0197;5052669962/10;5525628. OTECMI
33363101;0030;5052606655/50;5538253. METHAL SAS
33363101;0045;;5524937. A2M INDUSTRIE
33363103;0040;5052535025/10;5525545. M.G.A.
33372123;0030;;5524416. MPO
33383401;0040;;5525545. M.G.A.
33395608;0020;;5525539. M.P.I. SARL
33395608;0040;;5525545. M.G.A.
33396380;0050;;5525455. LABELLE TRAITEMENT DE SURFACE SA
33397939;0080;;5525157. CHROMATLANTIQUE INDUSTRIEL
33400362;0070;5052548806/10;5525545. M.G.A.
33401599;0100;;5525157. CHROMATLANTIQUE INDUSTRIEL
33405632;0080;;5525157. CHROMATLANTIQUE INDUSTRIEL
33405633;0080;;5525157. CHROMATLANTIQUE INDUSTRIEL
33406201;0060;;5525157. CHROMATLANTIQUE INDUSTRIEL
33408553;0060;;5525157. CHROMATLANTIQUE INDUSTRIEL
33413574;0080;5052668052/30;5525157. CHROMATLANTIQUE INDUSTRIEL
33418960;0030;5052581991/10;5525701. SAIMAP - VIENNOT SAS
33425049;0050;;5525455. LABELLE TRAITEMENT DE SURFACE SA
33425052;0050;;5525455. LABELLE TRAITEMENT DE SURFACE SA
33435781;0080;;5538253. METHAL SAS
33443109;0050;5052593360/20;5538253. METHAL SAS
33456453;0070;5052606655/10;5538253. METHAL SAS
33456454;0070;5052606655/20;5538253. METHAL SAS
33458666;0070;5052606655/30;5538253. METHAL SAS
33460328;0037;;5524906. BODYCOTE
33460329;0060;;5525199. AMG SARL
33460329;0120;;5525857. SAS TMN SURFACE
33460329;0170;;5530045. TMN THERMIQUE
33466277;0054;;5525628. OTECMI
33466278;0054;;5525628. OTECMI
33466137;0047;5052622040/10;5538253. METHAL SAS
33466137;0056;;5525545. M.G.A.
33467631;0025;;5525455. LABELLE TRAITEMENT DE SURFACE SA
33467631;0070;;5525556. METAFORM SARL
33468034;0050;5052526179/231;5524895. ASCO NUMATICS
33468035;0050;5052526179/241;5524895. ASCO NUMATICS
33468036;0050;5052526179/251;5524895. ASCO NUMATICS
33468037;0050;5052526179/261;5524895. ASCO NUMATICS
33468038;0050;5052526179/271;5524895. ASCO NUMATICS
33468039;0050;5052526179/283;5524895. ASCO NUMATICS
33468215;0054;;5525628. OTECMI
33468216;0054;;5525628. OTECMI
33468555;0090;5052674828/10;5525157. CHROMATLANTIQUE INDUSTRIEL
33474787;0090;5052663166/10;5525857. SAS TMN SURFACE
33474787;0140;;5530045. TMN THERMIQUE
33476965;0090;;5525157. CHROMATLANTIQUE INDUSTRIEL
33476966;0090;;5525157. CHROMATLANTIQUE INDUSTRIEL
33479981;0090;5052674828/20;5525157. CHROMATLANTIQUE INDUSTRIEL
33479982;0090;5052674828/30;5525157. CHROMATLANTIQUE INDUSTRIEL
33486603;0064;;5525628. OTECMI
33486604;0064;;5525628. OTECMI
33486612;0018;;5525545. M.G.A.
33487282;0040;;5525545. M.G.A.
33487520;0060;;5524906. BODYCOTE
33489242;0064;;5525628. OTECMI
33489244;0064;;5525628. OTECMI
33489971;0110;;5525857. SAS TMN SURFACE
33489971;0130;;5530045. TMN THERMIQUE
33495389;0018;;5525545. M.G.A.
33498685;0120;;5525157. CHROMATLANTIQUE INDUSTRIEL
33499180;0090;5052622045/10;5538253. METHAL SAS
33499180;0140;;5525545. M.G.A.
33503989;0050;;5529906. MOUROT
33511497;0090;5052668059/30;5524937. A2M INDUSTRIE
33511498;0090;5052668059/40;5524937. A2M INDUSTRIE
33512680;0180;5052670641/10;5525157. CHROMATLANTIQUE INDUSTRIEL
33512681;0180;5052670641/20;5525157. CHROMATLANTIQUE INDUSTRIEL
33518369;0060;;5524906. BODYCOTE
33519553;0080;;5529906. MOUROT
33520179;0040;;5536150. TALLERES MECANICOS ARRI S COOP
33522110;0040;;5525545. M.G.A.
33528430;0070;;5525628. OTECMI
33528431;0026;5052664493/50;7731132. MECANIC SUD INDUSTRIE
33528431;0100;;5525628. OTECMI
33529469;0101;5052646937/40;5525628. OTECMI
33529469;0400;;5538253. METHAL SAS
33529470;0101;5052646937/50;5525628. OTECMI
33529470;0400;;5538253. METHAL SAS
33529471;0101;5052646937/60;5525628. OTECMI
33529471;0400;;5538253. METHAL SAS
33529472;0101;5052646937/70;5525628. OTECMI
33529472;0400;;5538253. METHAL SAS
33538451;0040;;5529906. MOUROT
33538452;0040;;5529906. MOUROT
33539592;0070;;5525628. OTECMI
33539594;0026;5052664493/70;7731132. MECANIC SUD INDUSTRIE
33539594;0100;;5525628. OTECMI
33540542;0040;;5529906. MOUROT
33540542;0080;;5525628. OTECMI
33540042;0070;;5525628. OTECMI
33540044;0080;;5524906. BODYCOTE
33540047;0080;;5524906. BODYCOTE
33540050;0080;;5524906. BODYCOTE
33540158;0100;;5525628. OTECMI
33541399;0026;5052664493/60;7731132. MECANIC SUD INDUSTRIE
33541399;0100;;5525628. OTECMI
33542735;0060;5052648485/20;5525545. M.G.A.
33542735;0130;;5525157. CHROMATLANTIQUE INDUSTRIEL
33543241;0070;;5525628. OTECMI
33543199;0090;5052612566/10;5538253. METHAL SAS
33543199;0140;;5525545. M.G.A.
33544021;0101;5052646937/10;5525628. OTECMI
33544021;0400;;5538253. METHAL SAS
33544022;0101;5052646937/20;5525628. OTECMI
33544022;0400;;5538253. METHAL SAS
33544597;0083;5052666883/10;5525680. RECTIMETO
33544823;0026;5052664493/40;7731132. MECANIC SUD INDUSTRIE
33544823;0100;;5525628. OTECMI
33544824;0070;;5525628. OTECMI
33547880;0290;;5525157. CHROMATLANTIQUE INDUSTRIEL
33550345;0060;;5525922. WITZENMANN FRANCE SARL
33551709;0080;;5525628. OTECMI
33553912;0050;;5525545. M.G.A.
33553913;0050;;5525545. M.G.A.
33553914;0050;;5525545. M.G.A.
33553915;0050;;5525545. M.G.A.
33554945;0200;5052646937/30;5525628. OTECMI
33554945;0400;;5538253. METHAL SAS
33554952;0090;5052646937/90;5525628. OTECMI
33554952;0130;;5538253. METHAL SAS
33554955;0050;;5525545. M.G.A.
33554957;0050;;5525545. M.G.A.
33554958;0050;;5525545. M.G.A.
33554959;0050;;5525545. M.G.A.
33556658;0110;;5525628. OTECMI
33559960;0040;5052634787/50;5525545. M.G.A.
33559961;0040;5052634787/60;5525545. M.G.A.
33559962;0040;5052634787/70;5525545. M.G.A.
33559963;0040;5052634787/80;5525545. M.G.A.
33562142;0050;5052634812/50;5525545. M.G.A.
33560893;0030;5052672279/20;5525545. M.G.A.
33560894;0030;5052672279/10;5525545. M.G.A.
33562005;0040;5052593360/10;5538253. METHAL SAS
33565392;0040;5052610078/10;5525074. C.M.B.A.
33564695;0090;5052646937/110;5525628. OTECMI
33564695;0130;;5538253. METHAL SAS
33564696;0090;5052646937/80;5525628. OTECMI
33564696;0130;;5538253. METHAL SAS
33564697;0090;5052646937/100;5525628. OTECMI
33564697;0130;;5538253. METHAL SAS
33567898;0040;;5525545. M.G.A.
33567899;0040;;5525545. M.G.A.
33567899;0130;;5525628. OTECMI
33568380;0040;;5525545. M.G.A.
33568380;0130;;5525628. OTECMI
33572600;0030;;5516063. HEUTE + COMP
33572601;0040;5052610078/20;5525074. C.M.B.A.
33575889;0050;5052645626/10;5529906. MOUROT
33579851;0050;5052630513/10;5538253. METHAL SAS
33582257;0050;5052634812/60;5525545. M.G.A.
33582258;0050;5052634812/70;5525545. M.G.A.
33582259;0050;5052634812/80;5525545. M.G.A.
33583398;0070;;5525628. OTECMI
33583627;0019;5052660185/10;5529906. MOUROT
33583627;0060;;5525628. OTECMI
33583637;0060;;5525628. OTECMI
33583702;0040;5052628494/20;5525074. C.M.B.A.
33584010;0040;;5525074. C.M.B.A.
33585021;0030;;5525556. METAFORM SARL
33585030;0140;;5525157. CHROMATLANTIQUE INDUSTRIEL
33585031;0140;;5525157. CHROMATLANTIQUE INDUSTRIEL
33585032;0140;;5525157. CHROMATLANTIQUE INDUSTRIEL
33585033;0140;;5525157. CHROMATLANTIQUE INDUSTRIEL
33590899;0090;;5525628. OTECMI
33590899;0130;;5538253. METHAL SAS
33594981;0200;5052495181/31;5530973. SERIC TECHNOLOGIE
33594271;0040;;5525545. M.G.A.
33599446;0080;5052636726/10;7731132. MECANIC SUD INDUSTRIE
33599449;0200;5052507103/31;5530973. SERIC TECHNOLOGIE
33599450;0200;5052540481/12;5530973. SERIC TECHNOLOGIE
33599452;0200;5052507103/21;5530973. SERIC TECHNOLOGIE
33601213;0050;5052634812/10;5525545. M.G.A.
33601214;0050;5052634812/20;5525545. M.G.A.
33601215;0050;5052634812/30;5525545. M.G.A.
33601216;0050;5052634812/40;5525545. M.G.A.
33601281;0040;;5525545. M.G.A.
33601456;0060;;5525907. IONBOND BEAUVAIS
33603255;0170;;5525680. RECTIMETO
33604368;0060;;5530736. TRAITEMENTS DE SURFACE ET MECANIQUE
33606979;0090;;5525157. CHROMATLANTIQUE INDUSTRIEL
33608647;0045;5052635447/10;5524899. S 3 W STELLITAGE
33610745;0032;5052674147/20;5525628. OTECMI
33613170;0040;;5529906. MOUROT
33613170;0080;;5525628. OTECMI
33613725;0060;5052674813/20;5538253. METHAL SAS
33613725;0080;;5524937. A2M INDUSTRIE
33613726;0060;5052674813/30;5538253. METHAL SAS
33613726;0080;;5524937. A2M INDUSTRIE
33613728;0050;5052612542/10;5525849. EUROTEC - CENTRE
33614233;0130;;5525628. OTECMI
33614237;0130;;5525628. OTECMI
33614681;0030;;5524906. BODYCOTE
33614681;0045;;5524937. A2M INDUSTRIE
33614682;0030;;5524906. BODYCOTE
33614682;0045;;5524937. A2M INDUSTRIE
33618673;0100;;5525628. OTECMI
33618810;0050;5052631761/10;5538253. METHAL SAS
33620668;0180;;5525157. CHROMATLANTIQUE INDUSTRIEL
33620669;0180;;5525157. CHROMATLANTIQUE INDUSTRIEL
33622221;0107;;5525157. CHROMATLANTIQUE INDUSTRIEL
33622223;0107;;5525157. CHROMATLANTIQUE INDUSTRIEL
33622225;0107;;5525157. CHROMATLANTIQUE INDUSTRIEL
33622227;0107;;5525157. CHROMATLANTIQUE INDUSTRIEL
33623475;0050;5052664503/10;5524036. SIAC STRUMENTAZIONI SPA
33630649;0045;5052672289/30;5536973. MECAMUT
33632864;0070;;5525628. OTECMI
33632867;0024;5052662022/50;5538253. METHAL SAS
33632868;0024;5052662022/60;5538253. METHAL SAS
33632869;0024;5052662022/70;5538253. METHAL SAS
33632870;0024;5052662022/80;5538253. METHAL SAS
33637372;0090;;5525628. OTECMI
33637372;0130;;5538253. METHAL SAS
33637373;0090;;5525628. OTECMI
33637373;0130;;5538253. METHAL SAS
33639174;0070;;5525628. OTECMI
33639176;0030;;5525556. METAFORM SARL
33639177;0190;;5537165. NORMANDIE THERMIE CONTROLES
33639177;0260;;5525628. OTECMI
33639178;0190;;5537165. NORMANDIE THERMIE CONTROLES
33639178;0260;;5525628. OTECMI
33641789;0040;5052628494/10;5525074. C.M.B.A.
33643298;0040;;5525561. METAL IMPROVEMENT COMPANY
33643299;0040;;5525561. METAL IMPROVEMENT COMPANY
33643359;0040;;5536150. TALLERES MECANICOS ARRI S COOP
33643359;0080;;5525628. OTECMI
33643700;0040;;5536150. TALLERES MECANICOS ARRI S COOP
33643700;0080;;5525628. OTECMI
33644283;0122;5052669934/10;5524734. STI SRL
33644291;0090;;5525628. OTECMI
33644291;0130;;5538253. METHAL SAS
33644294;0060;;5525628. OTECMI
33644296;0040;5052658244/10;5525545. M.G.A.
33644296;0130;;5525628. OTECMI
33644297;0040;5052658244/20;5525545. M.G.A.
33644297;0130;;5525628. OTECMI
33645328;0180;5052670641/30;5525157. CHROMATLANTIQUE INDUSTRIEL
33645329;0180;5052670641/40;5525157. CHROMATLANTIQUE INDUSTRIEL
33646187;0040;;5525545. M.G.A.
33647091;0026;5052664493/10;7731132. MECANIC SUD INDUSTRIE
33647091;0070;;5525628. OTECMI
33648307;0040;5052666884/10;5525100. SENIOR CALORSTAT SAS
33649134;0120;;5525157. CHROMATLANTIQUE INDUSTRIEL
33649135;0120;;5525157. CHROMATLANTIQUE INDUSTRIEL
33649136;0120;;5525157. CHROMATLANTIQUE INDUSTRIEL
33649137;0120;;5525157. CHROMATLANTIQUE INDUSTRIEL
33649138;0120;;5525157. CHROMATLANTIQUE INDUSTRIEL
33649139;0120;;5525157. CHROMATLANTIQUE INDUSTRIEL
33650831;0035;5052660194/10;5529906. MOUROT
33650831;0070;;5525628. OTECMI
33653712;0080;;5525157. CHROMATLANTIQUE INDUSTRIEL
33654313;0040;;5525545. M.G.A.
33655240;0070;;5537196. APPLICATIONS RECHARGEMENTS TECHNIQU
33655245;0060;;5525628. OTECMI
33655246;0060;;5525628. OTECMI
33655249;0100;;5525157. CHROMATLANTIQUE INDUSTRIEL
33655250;0083;;5525157. CHROMATLANTIQUE INDUSTRIEL
33655251;0083;;5525157. CHROMATLANTIQUE INDUSTRIEL
33655254;0070;5052673331/10;5538253. METHAL SAS
33655370;0037;5052670550/10;5525680. RECTIMETO
33655370;0050;;5524906. BODYCOTE
33659032;0080;5052674137/10;5525545. M.G.A.
33661809;0040;5052661508/10;5525074. C.M.B.A.
33664630;0050;5052666882/10;5529906. MOUROT
33665069;0040;5052650852/40;7731132. MECANIC SUD INDUSTRIE
33665069;0130;;5525628. OTECMI
33665070;0040;5052650852/50;7731132. MECANIC SUD INDUSTRIE
33665070;0130;;5525628. OTECMI
33665071;0040;5052650852/60;7731132. MECANIC SUD INDUSTRIE
33665071;0130;;5525628. OTECMI
33665072;0040;5052650852/10;7731132. MECANIC SUD INDUSTRIE
33665072;0130;;5525628. OTECMI
33665073;0040;5052650852/20;7731132. MECANIC SUD INDUSTRIE
33665073;0130;;5525628. OTECMI
33665074;0040;5052650852/30;7731132. MECANIC SUD INDUSTRIE
33665074;0130;;5525628. OTECMI
33665294;0050;5052631751/30;5525545. M.G.A.
33665295;0050;5052631751/40;5525545. M.G.A.
33665298;0026;5052664493/20;7731132. MECANIC SUD INDUSTRIE
33665298;0070;;5525628. OTECMI
33668615;0090;5052665743/10;5538253. METHAL SAS
33668940;0090;;5525628. OTECMI
33668940;0130;;5538253. METHAL SAS
33668941;0090;;5525628. OTECMI
33668941;0130;;5538253. METHAL SAS
33670164;0070;;5525628. OTECMI
33670165;0040;5052660198/20;5529906. MOUROT
33670165;0060;;5525628. OTECMI
33670166;0040;5052660198/10;5529906. MOUROT
33670166;0060;;5525628. OTECMI
33670167;0060;;5525628. OTECMI
33670168;0060;;5525628. OTECMI
33670169;0060;5052648485/30;5525545. M.G.A.
33670169;0130;;5525157. CHROMATLANTIQUE INDUSTRIEL
33669767;0130;5052634856/10;7731132. MECANIC SUD INDUSTRIE
33669767;0170;;5525157. CHROMATLANTIQUE INDUSTRIEL
33669779;0025;;5529906. MOUROT
33669779;0070;;5525628. OTECMI
33670170;0025;;5529906. MOUROT
33670170;0070;;5525628. OTECMI
33670171;0060;;5538253. METHAL SAS
33670174;0060;5052648485/40;5525545. M.G.A.
33670174;0130;;5525157. CHROMATLANTIQUE INDUSTRIEL
33671289;0070;;5525628. OTECMI
33671290;0025;;5529906. MOUROT
33671290;0070;;5525628. OTECMI
33671291;0022;5052664500/20;5529906. MOUROT
33671291;0040;;5525628. OTECMI
33671292;0022;5052664500/30;5529906. MOUROT
33671292;0040;;5525628. OTECMI
33671293;0022;5052664500/10;5529906. MOUROT
33671293;0040;;5525628. OTECMI
33671294;0022;5052664500/40;5529906. MOUROT
33671294;0040;;5525628. OTECMI
33671358;0040;;5525545. M.G.A.
33671359;0040;;5525545. M.G.A.
33671605;0070;5052631751/10;5525545. M.G.A.
33673337;0090;5052669230/10;7731132. MECANIC SUD INDUSTRIE
33674975;0130;5052634856/20;7731132. MECANIC SUD INDUSTRIE
33674975;0170;;5525157. CHROMATLANTIQUE INDUSTRIEL
33674996;0040;5052648501/10;5529906. MOUROT
33675522;0050;5052631751/20;5525545. M.G.A.
33675690;0180;;5525628. OTECMI
33676252;0050;;5525545. M.G.A.
33677589;0120;;5525628. OTECMI
33677590;0120;;5525628. OTECMI
33677856;0180;;5525628. OTECMI
33678549;0010;5052631781/10;5525838. TECHMA
33681423;0060;;5525628. OTECMI
33681424;0060;;5525628. OTECMI
33681425;0060;;5525628. OTECMI
33681426;0060;;5525628. OTECMI
33681427;0060;5052648485/50;5525545. M.G.A.
33681427;0130;;5525157. CHROMATLANTIQUE INDUSTRIEL
33682130;0050;;5525455. LABELLE TRAITEMENT DE SURFACE SA
33681239;0050;;5525545. M.G.A.
33683320;0050;;5525545. M.G.A.
33683321;0050;;5525545. M.G.A.
33683322;0050;;5525545. M.G.A.
33683323;0050;;5525545. M.G.A.
33683324;0050;;5525545. M.G.A.
33683325;0050;;5525545. M.G.A.
33683326;0050;;5525545. M.G.A.
33682567;0013;;5525545. M.G.A.
33682755;0080;5052672290/10;5529906. MOUROT
33682756;0040;;5529906. MOUROT
33683327;0050;;5525545. M.G.A.
33683328;0050;;5525545. M.G.A.
33683329;0050;;5525545. M.G.A.
33683330;0050;;5525545. M.G.A.
33684600;0040;;5525545. M.G.A.
33684615;0048;5052672264/10;5535384. CHIMIMECA
33684617;0048;5052672264/20;5535384. CHIMIMECA
33684411;0050;;5525545. M.G.A.
33686068;0045;5052667360/10;5535384. CHIMIMECA
33686356;0090;;5525406. INSTITUT DE SOUDURE INDUSTRIE
33689733;0070;;5525628. OTECMI
33689923;0080;5052670617/10;5525157. CHROMATLANTIQUE INDUSTRIEL
33689924;0080;5052670617/20;5525157. CHROMATLANTIQUE INDUSTRIEL
33690680;0026;5052664493/80;7731132. MECANIC SUD INDUSTRIE
33690680;0100;;5525628. OTECMI
33691251;0050;5052638704/20;5530844. ISO MECANIQUE
33692263;0140;;5525157. CHROMATLANTIQUE INDUSTRIEL
33692264;0140;;5525157. CHROMATLANTIQUE INDUSTRIEL
33692266;0030;5052637565/12;5516063. HEUTE + COMP
33693293;0045;5052666893/20;5525545. M.G.A.
33693839;0080;5052653555/10;7731132. MECANIC SUD INDUSTRIE
33694043;0030;5052658249/10;5525545. M.G.A.
33694043;0070;;5525545. M.G.A.
33694322;0060;5052674873/10;5538253. METHAL SAS
33694492;0050;;5538253. METHAL SAS
33696191;0080;;5525157. CHROMATLANTIQUE INDUSTRIEL
33696346;0040;;5525545. M.G.A.
33696347;0040;;5525545. M.G.A.
33696542;0030;;5525545. M.G.A.
33696374;0080;;5535384. CHIMIMECA
33697669;0130;5052670573/20;5525628. OTECMI
33698295;0090;;5525857. SAS TMN SURFACE
33698295;0110;;5530045. TMN THERMIQUE
33698748;0050;5052672290/20;5529906. MOUROT
33699697;0050;5052650442/10;5525074. C.M.B.A.
33700124;0050;5052661511/10;5525849. EUROTEC - CENTRE
33701032;0040;;5525922. WITZENMANN FRANCE SARL
33701890;0040;;5525545. M.G.A.
33701891;0040;;5525545. M.G.A.
33704531;0025;;5529906. MOUROT
33704531;0070;;5525628. OTECMI
33704532;0025;;5529906. MOUROT
33704532;0070;;5525628. OTECMI
33704533;0025;;5529906. MOUROT
33704533;0070;;5525628. OTECMI
33704534;0025;;5529906. MOUROT
33704534;0070;;5525628. OTECMI
33704535;0025;;5529906. MOUROT
33704535;0070;;5525628. OTECMI
33705125;0110;;5530736. TRAITEMENTS DE SURFACE ET MECANIQUE
33706372;0050;5052670583/10;5538253. METHAL SAS
33708656;0060;5052648485/60;5525545. M.G.A.
33708656;0130;;5525157. CHROMATLANTIQUE INDUSTRIEL
33708657;0060;5052648485/70;5525545. M.G.A.
33708657;0130;;5525157. CHROMATLANTIQUE INDUSTRIEL
33708658;0060;5052648485/80;5525545. M.G.A.
33708658;0130;;5525157. CHROMATLANTIQUE INDUSTRIEL
33708659;0130;;5525157. CHROMATLANTIQUE INDUSTRIEL
33711308;0050;;5529906. MOUROT
33711309;0050;;5529906. MOUROT
33711310;0050;;5529906. MOUROT
33711311;0050;;5529906. MOUROT
33711312;0050;;5529906. MOUROT
33711313;0050;;5529906. MOUROT
33711314;0050;;5529906. MOUROT
33711315;0050;;5529906. MOUROT
33711316;0050;;5529906. MOUROT
33711317;0050;;5529906. MOUROT
33711318;0050;;5529906. MOUROT
33711319;0050;;5529906. MOUROT
33712026;0070;;5525406. INSTITUT DE SOUDURE INDUSTRIE
33712027;0060;;5525406. INSTITUT DE SOUDURE INDUSTRIE
33712332;0100;;5534570. BODYCOTE SPECIALIST TECHNOLOGIES GM
33713566;0040;;5525545. M.G.A.
33717672;0040;;7731132. MECANIC SUD INDUSTRIE
33717672;0190;;5525628. OTECMI
33717673;0040;;7731132. MECANIC SUD INDUSTRIE
33717673;0190;;5525628. OTECMI
33718069;0110;;5525857. SAS TMN SURFACE
33718069;0130;;5530045. TMN THERMIQUE
33718076;0050;5052670583/20;5538253. METHAL SAS
33721895;0050;5052649801/10;5525799. SOPI
33721896;0050;5052649801/20;5525799. SOPI
33721897;0050;5052649801/30;5525799. SOPI
33721898;0050;5052649801/40;5525799. SOPI
33721899;0050;5052649801/50;5525799. SOPI
33722960;0050;5052649801/60;5525799. SOPI
33722961;0050;5052649801/70;5525799. SOPI
33722962;0050;5052649801/80;5525799. SOPI
33722963;0050;5052649801/90;5525799. SOPI
33722964;0050;5052649801/100;5525799. SOPI
33722972;0050;5052649801/110;5525799. SOPI
33723137;0080;5052668039/10;5525545. M.G.A.
33723138;0080;;5525545. M.G.A.
33723139;0080;5052661518/10;5525545. M.G.A.
33724169;0130;5052664440/10;7731132. MECANIC SUD INDUSTRIE
33724169;0170;;5525157. CHROMATLANTIQUE INDUSTRIEL
33724506;0026;5052664493/30;7731132. MECANIC SUD INDUSTRIE
33724506;0100;;5525628. OTECMI
33724513;0060;;5525628. OTECMI
33724514;0060;;5525628. OTECMI
33724515;0060;;5525628. OTECMI
33724516;0060;;5525628. OTECMI
33724359;0090;;5525628. OTECMI
33724359;0130;;5538253. METHAL SAS
33724580;0090;;5525628. OTECMI
33724580;0130;;5538253. METHAL SAS
33724595;0070;;5525406. INSTITUT DE SOUDURE INDUSTRIE
33724596;0070;;5525406. INSTITUT DE SOUDURE INDUSTRIE
33724597;0070;;5525406. INSTITUT DE SOUDURE INDUSTRIE
33724598;0070;;5525406. INSTITUT DE SOUDURE INDUSTRIE
33724599;0070;;5525406. INSTITUT DE SOUDURE INDUSTRIE
33725659;0040;5052666890/20;5525545. M.G.A.
33725298;0040;5052666890/10;5525545. M.G.A.
33727108;0120;;5525628. OTECMI
33727116;0050;5052654162/20;5525545. M.G.A.
33727117;0050;5052661513/10;5525545. M.G.A.
33727941;0077;;5538253. METHAL SAS
33728239;0020;;5525539. M.P.I. SARL
33728239;0040;;5525545. M.G.A.
33729866;0050;5052661511/30;5525849. EUROTEC - CENTRE
33730452;0060;5052661518/20;5525545. M.G.A.
33730455;0040;;5536150. TALLERES MECANICOS ARRI S COOP
33730455;0080;;5525628. OTECMI
33730456;0040;;5536150. TALLERES MECANICOS ARRI S COOP
33730456;0080;;5525628. OTECMI
33731429;0060;;5525628. OTECMI
33734461;0040;;5525545. M.G.A.
33732008;0020;;5525539. M.P.I. SARL
33732008;0040;;5525545. M.G.A.
33732024;0063;;5525680. RECTIMETO
33732024;0083;;5525157. CHROMATLANTIQUE INDUSTRIEL
33732025;0063;;5525680. RECTIMETO
33732025;0083;;5525157. CHROMATLANTIQUE INDUSTRIEL
33732026;0063;;5525680. RECTIMETO
33732026;0083;;5525157. CHROMATLANTIQUE INDUSTRIEL
33733738;0063;;5525680. RECTIMETO
33733738;0083;;5525157. CHROMATLANTIQUE INDUSTRIEL
33733861;0060;;5530736. TRAITEMENTS DE SURFACE ET MECANIQUE
33733806;0063;;5525680. RECTIMETO
33733806;0083;;5525157. CHROMATLANTIQUE INDUSTRIEL
33733807;0063;;5525680. RECTIMETO
33733807;0083;;5525157. CHROMATLANTIQUE INDUSTRIEL
33733866;0290;5052674147/10;5525628. OTECMI
33733872;0040;5052666885/10;5530844. ISO MECANIQUE
33734907;0055;5052666919/30;5536973. MECAMUT
33734996;0035;5052665748/10;5525842. SAS TDN
33734997;0040;5052668035/40;5524416. MPO
33735488;0020;;5525539. M.P.I. SARL
33735488;0040;;5525545. M.G.A.
33735019;0210;5052664424/10;5524937. A2M INDUSTRIE
33737082;0045;5052666916/10;5525545. M.G.A.
33738455;0020;;5525539. M.P.I. SARL
33738455;0040;;5525545. M.G.A.
33738828;0040;;5536150. TALLERES MECANICOS ARRI S COOP
33738828;0080;;5525628. OTECMI
33738829;0040;;5536150. TALLERES MECANICOS ARRI S COOP
33738829;0080;;5525628. OTECMI
33738833;0040;;5525842. SAS TDN
33740090;0040;5052654162/50;5525545. M.G.A.
33740091;0040;5052654162/60;5525545. M.G.A.
33740303;0040;5052665747/10;5530844. ISO MECANIQUE
33740640;0040;;5525545. M.G.A.
33742300;0040;;7731132. MECANIC SUD INDUSTRIE
33742300;0190;;5525628. OTECMI
33742178;0050;5052667381/10;5530844. ISO MECANIQUE
33742304;0040;;7731132. MECANIC SUD INDUSTRIE
33742304;0190;;5525628. OTECMI
33743430;0055;5052666893/10;5525545. M.G.A.
33742179;0070;5052661514/10;5530844. ISO MECANIQUE
33743503;0100;;5525628. OTECMI
33743504;0080;;5525628. OTECMI
33743505;0110;;5525857. SAS TMN SURFACE
33743506;0130;;5525628. OTECMI
33743507;0140;;5525628. OTECMI
33745990;0030;;5525556. METAFORM SARL
33745991;0040;;7731132. MECANIC SUD INDUSTRIE
33745992;0040;;7731132. MECANIC SUD INDUSTRIE
33745993;0040;;7731132. MECANIC SUD INDUSTRIE
33745994;0040;;7731132. MECANIC SUD INDUSTRIE
33746701;0040;5052659613/10;5525545. M.G.A.
33746701;0130;;5525628. OTECMI
33746702;0040;5052659613/20;5525545. M.G.A.
33746702;0130;;5525628. OTECMI
33746703;0040;5052658262/10;5525545. M.G.A.
33746703;0130;;5525628. OTECMI
33746704;0040;5052658262/30;5525545. M.G.A.
33746704;0130;;5525628. OTECMI
33747704;0050;;5525545. M.G.A.
33747705;0050;;5525545. M.G.A.
33747706;0040;;5525545. M.G.A.
33747707;0040;;5525849. EUROTEC - CENTRE
33748199;0072;;5538253. METHAL SAS
33748494;0140;;5525157. CHROMATLANTIQUE INDUSTRIEL
33748495;0140;;5525157. CHROMATLANTIQUE INDUSTRIEL
33748426;0040;5052658274/10;5525545. M.G.A.
33748426;0130;;5525628. OTECMI
33748427;0040;5052658274/20;5525545. M.G.A.
33748427;0130;;5525628. OTECMI
33749012;0050;5052661511/20;5525849. EUROTEC - CENTRE
33748499;0040;;5536150. TALLERES MECANICOS ARRI S COOP
33748499;0080;;5525628. OTECMI
33748960;0040;;5536150. TALLERES MECANICOS ARRI S COOP
33748960;0080;;5525628. OTECMI
33749027;0040;;5527605. AUTOLUBRIFICATION PRODUITS SYNTHESE
33749911;0050;5052672288/10;5538253. METHAL SAS
33750418;0050;5052661489/10;5524893. ARMECATE
33757521;0030;;5525475. LEMOINE DANIEL-OUTILLAGE PRECISION
33757521;0040;;5525808. SOCIETE NOUVELLE SMB
33757521;0070;;5525808. SOCIETE NOUVELLE SMB
33757830;0093;;5538253. METHAL SAS
33759413;0040;;5525545. M.G.A.
33759764;0045;;5535384. CHIMIMECA
33759765;0050;;5525545. M.G.A.
33759739;0170;;5529906. MOUROT
33760505;0040;;5524416. MPO
33761027;0180;;5525628. OTECMI
33761028;0180;;5525628. OTECMI
33763770;0060;5052670584/10;5538253. METHAL SAS
33763576;0080;;5533423. ENTREPRISE PHILIPPE LASSARAT SA
33764343;0050;;5525455. LABELLE TRAITEMENT DE SURFACE SA
33764344;0050;;5525455. LABELLE TRAITEMENT DE SURFACE SA
33764354;0170;;5529906. MOUROT
33764653;0060;;5524906. BODYCOTE
33764653;0120;;5525157. CHROMATLANTIQUE INDUSTRIEL
33765211;0050;;5525455. LABELLE TRAITEMENT DE SURFACE SA
33765212;0050;;5525455. LABELLE TRAITEMENT DE SURFACE SA
33765973;0020;;5525539. M.P.I. SARL
33765973;0040;;5525545. M.G.A.
33767225;0080;;5525628. OTECMI
33767226;0080;;5525628. OTECMI
33769629;0070;;5525545. M.G.A.
33770282;0064;;5525628. OTECMI
33771622;0040;;5524416. MPO
33772392;0190;5052672282/10;5524899. S 3 W STELLITAGE
33772210;0190;5052663165/10;5524899. S 3 W STELLITAGE
33773355;0050;5052674802/10;5524899. S 3 W STELLITAGE
33776082;0050;;5525545. M.G.A.
33776403;0090;;5525157. CHROMATLANTIQUE INDUSTRIEL
33776414;0080;;5524906. BODYCOTE
33776415;0130;;5525628. OTECMI
33776416;0027;;5525628. OTECMI
33778345;0140;;5525157. CHROMATLANTIQUE INDUSTRIEL
33778353;0050;5052670595/20;5530844. ISO MECANIQUE
33778229;0140;;5525628. OTECMI
33778059;0040;5052664432/10;5530844. ISO MECANIQUE
33778336;0017;5052672690/10;5537200. MANOIR FRANCE SAS
33779163;0080;;5525628. OTECMI
33779785;0050;;5525545. M.G.A.
33780283;0030;;5525556. METAFORM SARL
33780846;0290;5052670573/10;5525628. OTECMI
33780190;0040;5052667358/10;5525074. C.M.B.A.
33780192;0040;;5524416. MPO
33781145;0050;5052672289/20;5536973. MECAMUT
33781796;0060;;5525545. M.G.A.
33782534;0050;5052670588/30;5525199. AMG SARL
33782535;0050;;5524906. BODYCOTE
33782536;0055;5052666919/10;5536973. MECAMUT
33782547;0070;5052672303/10;5530736. TRAITEMENTS DE SURFACE ET MECANIQUE
33782548;0050;;5524906. BODYCOTE
33783679;0070;;5529906. MOUROT
33783835;0040;;5524893. ARMECATE
33783836;0040;5052668035/30;5524416. MPO
33784108;0040;;5525545. M.G.A.
33784109;0050;5052670588/10;5525199. AMG SARL
33784116;0014;;5524416. MPO
33784723;0050;;5529906. MOUROT
33784724;0050;;5529906. MOUROT
33784735;0080;;5525157. CHROMATLANTIQUE INDUSTRIEL
33785885;0050;5052670592/10;5525074. C.M.B.A.
33785888;0050;;5525850. THIERION
33785889;0050;5052667365/10;5525849. EUROTEC - CENTRE
33785890;0050;5052670595/10;5530844. ISO MECANIQUE
33785893;0050;5052670588/20;5525199. AMG SARL
33786106;0050;5052673359/10;5524416. MPO
33787466;0070;;5525628. OTECMI
33786819;0050;5052670582/10;5538723. OIL SERVICES LIMITED EASTERN EUROPE
33787694;0035;5052670585/10;5538253. METHAL SAS
33787750;0050;5052672288/20;5538253. METHAL SAS
33788130;0023;;5525545. M.G.A.
33789401;0040;5052673359/30;5524416. MPO
33789404;0060;;5525628. OTECMI
33789405;0060;;5525628. OTECMI
33789406;0060;;5525628. OTECMI
33789407;0060;;5525628. OTECMI
33789506;0130;;5525157. CHROMATLANTIQUE INDUSTRIEL
33789620;0060;5052672279/30;5525545. M.G.A.
33789661;0060;5052672303/40;5530736. TRAITEMENTS DE SURFACE ET MECANIQUE
33789662;0050;5052672303/50;5530736. TRAITEMENTS DE SURFACE ET MECANIQUE
33790111;0060;;5525628. OTECMI
33791621;0060;;5530736. TRAITEMENTS DE SURFACE ET MECANIQUE
33790473;0045;;5535384. CHIMIMECA
33790522;0130;;5525628. OTECMI
33790523;0040;;5524416. MPO
33792759;0060;;5524906. BODYCOTE
33792329;0060;;5530736. TRAITEMENTS DE SURFACE ET MECANIQUE
33792330;0060;;5525628. OTECMI
33792331;0040;5052673359/40;5524416. MPO
33792332;0050;5052672303/30;5530736. TRAITEMENTS DE SURFACE ET MECANIQUE
33792334;0040;;5525842. SAS TDN
33792335;0050;5052672303/20;5530736. TRAITEMENTS DE SURFACE ET MECANIQUE
33792336;0050;;5530736. TRAITEMENTS DE SURFACE ET MECANIQUE
33793452;0020;;5525539. M.P.I. SARL
33793452;0040;;5525545. M.G.A.
33793819;0040;5052671020/10;5524416. MPO
33794013;0080;;5535384. CHIMIMECA
33794014;0080;;5535384. CHIMIMECA
33794371;0060;;5538253. METHAL SAS
33794375;0013;5052673359/50;5524416. MPO
33794376;0100;;5525157. CHROMATLANTIQUE INDUSTRIEL
33795180;0170;;5530736. TRAITEMENTS DE SURFACE ET MECANIQUE
33795051;0070;;5530736. TRAITEMENTS DE SURFACE ET MECANIQUE
33796022;0080;;5525857. SAS TMN SURFACE
33796022;0100;;5530045. TMN THERMIQUE
33796023;0080;;5525857. SAS TMN SURFACE
33796023;0100;;5530045. TMN THERMIQUE
33796070;0050;5052670591/10;5524893. ARMECATE
33796071;0055;5052672289/10;5536973. MECAMUT
33796309;0090;;5525628. OTECMI
33796309;0130;;5538253. METHAL SAS
33796310;0090;;5525628. OTECMI
33796310;0130;;5538253. METHAL SAS
33796312;0090;;5525628. OTECMI
33796312;0130;;5538253. METHAL SAS
33796471;0050;;5525455. LABELLE TRAITEMENT DE SURFACE SA
33797386;0070;;7731132. MECANIC SUD INDUSTRIE
33797387;0040;;5525545. M.G.A.
33797712;0060;;5525545. M.G.A.
33797715;0060;;5525628. OTECMI
33797716;0040;;5525561. METAL IMPROVEMENT COMPANY
33797717;0060;;5525628. OTECMI
33797718;0060;;5525628. OTECMI
33797736;0020;;5525539. M.P.I. SARL
33797736;0040;;5525545. M.G.A.
33798417;0040;;5525100. SENIOR CALORSTAT SAS
33799514;0040;;5524416. MPO
33800196;0050;5052672271/10;5525849. EUROTEC - CENTRE
33800197;0040;5052672273/10;5525455. LABELLE TRAITEMENT DE SURFACE SA
33801285;0050;;5525857. SAS TMN SURFACE
33802920;0050;;5525849. EUROTEC - CENTRE
33802921;0050;5052674862/10;5536973. MECAMUT
33804399;0100;5052672826/10;5524893. ARMECATE
33805080;0090;;5525849. EUROTEC - CENTRE
33805271;0040;5052674800/10;5525116. APAEI DU BOCAGE VIROIS ET DE LA SUI
33805898;0010;;5524416. MPO
33805898;0040;;5524897. MPO
33806506;0013;5052673359/20;5524416. MPO
33806549;0023;;5525545. M.G.A.
33806981;0040;;5525545. M.G.A.
33806982;0050;;5524416. MPO
33806984;0080;;5529906. MOUROT
33807403;0050;;5530736. TRAITEMENTS DE SURFACE ET MECANIQUE
33807404;0050;;5538253. METHAL SAS
33807473;0110;;5525628. OTECMI
33807475;0050;;5530736. TRAITEMENTS DE SURFACE ET MECANIQUE
33807476;0060;;5529906. MOUROT
33807540;0040;;5525233. CMGM
33807179;0040;;5525455. LABELLE TRAITEMENT DE SURFACE SA
33808099;0050;;5538253. METHAL SAS
33808749;0040;;5524937. A2M INDUSTRIE
33808831;0040;;5524416. MPO
33808833;0040;;5524416. MPO
33811604;0040;;5524416. MPO
33811924;0030;;5525556. METAFORM SARL
33811955;0050;;5530736. TRAITEMENTS DE SURFACE ET MECANIQUE
33812493;0040;;5524036. SIAC STRUMENTAZIONI SPA
33813447;0060;;5525849. EUROTEC - CENTRE
33814424;0050;;5530736. TRAITEMENTS DE SURFACE ET MECANIQUE
33813774;0080;;5524906. BODYCOTE
33814923;0100;5052674803/10;5524893. ARMECATE
33814924;0090;;5525849. EUROTEC - CENTRE
33815114;0050;;5524416. MPO
33815126;0050;;5525455. LABELLE TRAITEMENT DE SURFACE SA
33815126;0060;;5525556. METAFORM SARL
33815132;0130;;5525628. OTECMI
33815666;0040;;5525628. OTECMI
33816076;0050;;5524899. S 3 W STELLITAGE
33817647;0030;;5525556. METAFORM SARL
33817868;0050;;5530736. TRAITEMENTS DE SURFACE ET MECANIQUE
